{"nlfnummer":"2018\/0389","kortkopje":"Heffing KSB over vóór 1 november 2008 gewonnen prijzen minus inzet; begunstigend beleid","unid":"0D0E0200C00554A8C125822E005FEB05","samenvatting":"<p>X (belanghebbende) heeft vanuit Nederland deelgenomen aan internetpokerspelen bij aanbieders die niet binnen de Europese Unie zijn gevestigd. Hij heeft hiermee in (onder meer) de jaren 2007 en 2008 prijzen gewonnen. Aan X is voor het jaar 2007 een naheffingsaanslag KSB opgelegd van (na bezwaar) € 148.749 en voor het jaar 2008 van achtereenvolgens € 149.197 en € 10.150.<\/p><br><p>Vóór 1 november 2008 gewonnen prijzen vanaf € 454 worden op grond van de toen geldende wetgeving belast zonder rekening te houden met hiervoor gedane inzetten.<\/p><br><p>X stelt in deze procedure dat de heffing van KSB beperkt dient te blijven tot 29% van het door X in de desbetreffende perioden (2007 en januari tot en met oktober 2008) behaalde saldo van prijzen minus inzetten, wegens strijd met artikel 1 Eerste Protocol bij het EVRM, het vertrouwensbeginsel en het gelijkheidsbeginsel.<\/p><br><p>Rechtbank Noord-Nederland behandelt eerst de stelling over strijdigheid met het gelijkheidsbeginsel. X beroept zich op niet gepubliceerd begunstigend beleid dat voor de perioden vóór 1 november 2008 KSB werd geheven over de jaarwinst (prijzen minus inzetten). Hij heeft hiertoe gewezen op een drietal gevallen, waarin met hem vergelijkbare belastingplichtigen een gunstigere behandeling ten deel is gevallen dan hij zelf ondervindt.<\/p><br><p>Volgens de Rechtbank heeft de Inspecteur niet aannemelijk gemaakt dat deze behandeling niet voortvloeit uit een door hem gevoerd of op een hoger niveau gecoördineerd begunstigend beleid. Het gelijkheidsbeginsel brengt mee dat dit begunstigende beleid ook in het geval van X dient te worden toegepast. De naheffingsaanslag voor het jaar 2007 en de tweede voor 2008 worden vernietigd. De eerste naheffingsaanslag voor 2008 wordt verminderd.<\/p>","METADATA":{"RUBRIEKEN":[{"RUBRIEKI":"Kansspelbelasting"},{"RUBRIEKII":"Formeel belastingrecht"}],"instantie":"Rechtbank Noord-Nederland","datum instantie":"2017-12-22T00:00:00+01:00","rolnummer":"16\/1659, 16\/1660 en 16\/1802","ecli":"ECLI:NL:RBNNE:2017:4958","NLF-nummer":"2018\/0389","wetsartikelen":["Art 3 Wet op de KSB"]},"sharelink":"https:\/\/www.nlfiscaal.nl\/nlf2018\/0389","endpointbron":"https:\/\/app.nlfiscaal.nl\/fiscanet\/fiscaal.nsf\/jsonapp\/6FE2C3CF2C9D4349C125822C0052C07D?opendocument"}
