{"nlfnummer":"2018\/0373","kortkopje":"In Duitsland wonende ondernemer heeft voor btw vaste inrichting in Nederland","unid":"0DC6A3FD6F481062C1258225006D9EA4","samenvatting":"<p>X (belanghebbende) woont in Duitsland en exploiteert in Nederland een eenmanszaak. Zijn bedrijfsactiviteiten bestaan uit de begeleiding van DNA-testen via twee websites. Cliënten kunnen via deze internetsites bij X een DNA-test aanvragen. X heeft een contract gesloten met een Australisch laboratorium, waarin hij is overeengekomen dat hij de testen die hij aan zijn cliënten verkoopt, laat uitvoeren door dit laboratorium in Australië. Het laboratorium in Australië verstrekt de setjes voor materialen die nodig zijn voor een DNA-monster aan X tegen kostprijs en vervoerskosten.<\/p><br><p>De cliënt van X kan voor de betaling van de test kiezen voor een creditcardbetaling of een bankoverschrijving. Bij betaling per creditcard gaat de betaling direct naar het Australische laboratorium. X ontvangt dan een deel van die betaling (hierna: provisie) van het laboratorium voor zijn begeleiding. Bij betaling door bankoverschrijving wordt het bedrag op de bankrekening van X bij de ING-bank in Nederland overgeschreven. X betaalt dan een deel daarvan aan het laboratorium voor het verrichte onderzoek. Nadat de betaling door X of het laboratorium in Australië is ontvangen, verzendt X het testmateriaal naar het laboratorium. Het testresultaat dat digitaal aan X ter beschikking komt te staan, wordt na 2 à 3 weken door hem op zijn naam aan de cliënt medegedeeld op een door de cliënt aangegeven manier; dit kan zijn per post, per e-mail of telefonisch. De cliënten van X zijn particulieren die binnen de Europese Unie wonen.<\/p><br><p>Naar aanleiding van een boekenonderzoek zijn de door X ingediende nihilaangiften omzetbelasting over onder andere het jaar 2014 beoordeeld. De Inspecteur gaat ervan uit dat X vanuit zijn in Nederland gehuurde appartement zijn diensten verricht, namelijk het begeleiden van DNA-testen. De Inspecteur stelt dat X hiermee beschikt over een vaste inrichting in Nederland voor het verrichten van zijn diensten, waardoor hij in Nederland belaste prestaties voor de omzetbelasting verricht. Hij heeft daarom een naheffingsaanslag omzetbelasting aan X opgelegd.<\/p><br><p>Hof Den Bosch is met de Inspecteur van oordeel dat voor de vraag of sprake is van een voldoende mate van duurzaamheid het niet van belang is of de onroerende zaak in Nederland gehuurd of gekocht is. Vaststaat dat het appartement al sinds 2010 aan X ter beschikking staat, dat dit is ingericht als kantoor en dat X alle uitvoeringsactiviteiten, die betrekking hebben op het begeleiden van vaderschapstesten, vanuit dit appartement verricht. Het Hof is derhalve van oordeel dat X beschikt over een vaste inrichting in Nederland. De door de Inspecteur opgelegde naheffingsaanslag wordt gehandhaafd.<\/p><br><p>Ten slotte oordeelt het Hof dat Rechtbank Zeeland-West-Brabant zich terecht onbevoegd heeft verklaard ten aanzien van het beroep van X tegen de beslissingen op de verzoeken om ambtshalve vermindering van de aanslagen omzetbelasting voor de jaren 2011 en 2012.<\/p>","noten":[{"annotator":"Madeleine Merkx","werkzaambij":"Deloitte\/Universiteit Leiden","tekstnoot":"<p>In de onderhavige procedure is in geschil of de diensten van belanghebbende in Duitsland (standpunt belanghebbende) of Nederland (standpunt Inspecteur) zijn belast. Het gaat hier om diensten die vallen onder de zogenoemde hoofdregel voor B2C-diensten (artikel 6, lid 2, Wet OB 1968). Op grond van deze regel zijn diensten belast daar waar de dienstverrichter is gevestigd. De zetel van bedrijfsuitoefening en de vaste inrichting vormen daarbij de belangrijkste aanknopingspunten om te bepalen waar de dienstverrichter is gevestigd en de dienst is belast. Volgens Hof Den Bosch heeft de Inspecteur niet aannemelijk kunnen maken dat het bestuur van de onderneming vanuit Nederland plaatsvindt en is daarom de zetel van bedrijfsuitoefening van belanghebbende in Duitsland. In geschil is dan vervolgens of belanghebbende een vaste inrichting in Nederland heeft. Belanghebbende meent dat hij geen vaste inrichting heeft, omdat hij zijn diensten verricht vanuit een huurappartement waarvan hij de huur elk moment kan opzeggen en verder geen personeel en technische hulpmiddelen heeft. Hof Den Bosch komt mijns inziens terecht tot het oordeel dat sprake is van een vaste inrichting van belanghebbende in Nederland. Het feit dat sprake is van een huurappartement maakt niet dat niet aan het vereiste van duurzaamheid (artikel 11, lid 2, Uitvoeringsverordening 282\/2011) niet kan worden voldaan wanneer, zoals in casu, feitelijk vaststaat dat het appartement al vier jaar aan belanghebbende ter beschikking staat.<voetnoot>Zie ook: Conclusie A-G Kokott 15 mei 2014, C-605\/12 (Welmory), ECLI:EU:C:2014:340 en Nebojsa Jovanovic en Madeleine Merkx, ‘Welmory: A Recipe for VAT Avoidance?’, (2015) 24 EC Tax Review, Issue 4, p. 202-209.<\/voetnoot> Daarnaast stelt het Hof vast dat het appartement is ingericht als kantoor en belanghebbende alle uitvoerende handelingen voor de vaderschapstesten vanuit het appartement verricht. De prestaties zijn dus volgens het Hof belast in Nederland. Dit oordeel is in lijn met de jurisprudentie van het HvJ over het begrip vaste inrichting. Ik noem met name het arrest ARO Lease<voetnoot>HvJ 17 juli 1997, C-190\/95 (ARO Lease), ECLI:EU:C:1997:374.<\/voetnoot>, waarin het HvJ oordeelde dat een leasemaatschappij haar diensten verricht vanuit het kantoor van waaruit zij contacten onderhoudt met haar klanten en overeenkomsten opmaakt.<\/p>\n<p>Belanghebbende doet daarnaast nog een beroep op het besluit van 23 november 2003, DGB2003\/6237M en stelt dat hij als consignatiehouder goederen houdt voor het Australische laboratorium dat de vaderschapstesten uitvoert. Hier gaat Hof Den Bosch niet in mee. Het oordeelt – mijns inziens terecht – dat de passage uit het beleidsbesluit waar belanghebbende zich op beroept, gaat over de vraag of een buitenlandse ondernemer (in casu zou dat het Australische laboratorium zijn) een vaste inrichting heeft in Nederland omdat een in Nederland gevestigde partij goederen voor de buitenlandse ondernemer in consignatie houdt. De passage ziet niet op de positie van de consignatiehouder.<\/p>"}],"METADATA":{"RUBRIEKEN":[{"RUBRIEKI":"Omzetbelasting"}],"instantie":"Hof Den Bosch","datum instantie":"2017-12-21T00:00:00+01:00","rolnummer":"16\/03747 t\/m 16\/03751","ecli":"ECLI:NL:GHSHE:2017:5853","NLF-nummer":"2018\/0373","JUDOREG":"NFB1287","Annotator":"Madeleine Merkx","formele relaties":[{"instantie":"Rechtbank: ","ecli":"<a href=\"https:\/\/app.nlfiscaal.nl\/fiscanet\/fiscaal.nsf\/0\/4294CACC4AD65BC6C125822F0032389F?opendocument\">ECLI:NL:RBZWB:2016:4911<\/a>"}],"wetsartikelen":["Artikel 6 lid 2 Wet OB 1968"],"NFLT-termen":["Hoofdregeldienst (B2C)"]},"sharelink":"https:\/\/www.nlfiscaal.nl\/nlf2018\/0373","endpointbron":"https:\/\/app.nlfiscaal.nl\/fiscanet\/fiscaal.nsf\/jsonapp\/591B5F481571F90EC125822000586E37?opendocument"}
