{"nlfnummer":"2018\/0381","kortkopje":"Terechte medeplegersboete voor medewerker administratiekantoor","unid":"0FB6506EDD0FC12CC1258216004C46A3","samenvatting":"<p>X (belanghebbende) is werkzaam bij een administratiekantoor. Hij heeft namens een vof (een cliënt van het kantoor) in de jaren 2011 en 2012 nihilaangiften ingediend.<\/p><br><p>De Inspecteur heeft de vof voor de jaren 2011 en 2012 een naheffingsaanslag omzetbelasting opgelegd van € 45.320, alsmede een vergrijpboete omdat voor beide jaren te weinig omzetbelasting is aangegeven en voldaan.<\/p><br><p>Aan X is een boete opgelegd van € 1.250 wegens het niet tijdig en niet op de voorgeschreven wijze namens de cliënt indienen van suppletieaangiften omzetbelasting. Deze vergrijpboete is gebaseerd op artikel 10a AWR en artikel 15 Uitv.besl. OB 1968. In geschil is of aan X terecht een vergrijpboete is opgelegd als medepleger van het opzettelijk niet, althans niet tijdig, indienen van suppletieaangiften voor de jaren 2011 en 2012.<\/p><br><p>De Inspecteur dient in dit verband aannemelijk te maken dat sprake is van een nauwe en bewuste samenwerking tussen X en de vof (artikel 5:1, lid 2, Awb). De Inspecteur is volgens Rechtbank Noord-Holland in die bewijslast geslaagd. De Rechtbank acht aannemelijk geworden dat X en de vof bewust, in verband met de financiële problemen van de vof, nihilaangiften hebben ingediend en er vervolgens voor hebben gekozen om niet, zodra de onjuistheid van de aangifte bleek of uiterlijk toen de juiste gegevens bekend waren, uit eigen beweging suppletieaangiften in te dienen. Aldus hebben X en (de mede-eigenaar van) de vof gezamenlijk gehandeld in de uitvoering van de overtreding. De boete is terecht aan X opgelegd.<\/p><br><p>Dat X naar zijn zeggen de suppletieaangifte omzetbelasting over 2012 juist op verzoek van de controleambtenaar niet heeft ingediend doet hieraan niet af. Deze suppletieaangifte kan niet worden beschouwd als voldoening aan de verplichtingen van artikel 10a AWR, omdat de Inspecteur reeds had aangekondigd dat er een boekenonderzoek zou gaan plaatsvinden (artikel 15, lid 2, Uitv.besl. OB 1968).<\/p>","noten":[{"annotator":"Mark Hendriks","werkzaambij":"Jaegers & Soons","tekstnoot":"<p>Op grond van artikel 5:1 Awb kan een belastingadviseur als medepleger worden beboet. Deze bepaling is ingevoerd bij de invoering van de Vierde tranche Awb in 2009. Voor medeplegen is op grond van vaste strafrechtelijke jurisprudentie vereist een bewuste en nauwe samenwerking tussen een adviseur en zijn cliënt. Na lezing van de uitspraak kun je je afvragen of daarvan in casu wel sprake was, nu niet is vastgesteld dat de adviseur de verplichting tot het doen van suppletieaangiften en het bedrag van de te weinig afgedragen omzetbelasting überhaupt met zijn cliënt heeft besproken. Weliswaar heeft de Hoge Raad toegestaan dat een medepleger ook zonder een nauwe en bewuste samenwerking met de pleger (de belastingplichtige in casu) zelfstandig kan worden bestraft, mits de intellectuele en\/of materiële bijdrage aan het delict van voldoende gewicht is, maar in welke mate daarvan in deze zaak sprake is, blijkt niet uit de motivering van de Rechtbank. Opmerkelijk is ook dat de opgelegde boete voor het jaar 2011 deels is gebaseerd op schending van de suppletieplicht ex artikel 10a AWR, terwijl die regeling pas in het jaar 2012 is ingevoerd. Dat is in strijd met het legaliteitsbeginsel. Dus al met al vraag ik me sterk af of deze beslissing in hoger beroep stand zal houden.<\/p>\n<p>De wat magere bewijsvoering van de fiscus en de gebrekkige motivering van de Rechtbank in deze zaak laten onverlet dat ik vrees dat het niet bij deze vergrijpboete zal blijven in de nabije toekomst. De invoering van de Vierde tranche Awb heeft indertijd veel commotie veroorzaakt in de adviespraktijk. Voor het eerst werd het dus mogelijk dat naast de belastingplichtige ook de belastingadviseur een vergrijpboete opgelegd kon krijgen voor de opzettelijk onjuiste aangiften van de cliënt. Die commotie zwakte na verloop van tijd af toen bleek dat in het Besluit Bestuurlijk Boeten Belastingdienst 1998 werd vastgelegd dat een dergelijke boete pas werd opgelegd na toestemming van zowel de Directeur van de betreffende regio van de Belastingdienst als van het Directoraat-generaal Belastingdienst op het ministerie van Financiën. Het was ook een periode dat Horizontaal Toezicht alom werd gepredikt. Daarin paste het dan niet dat de Belastingdienst al te scheutig met boetes zou gaan strooien. Die tijd lijkt voorbij. Over Horizontaal Toezicht wordt nog zelden gesproken en de teugels zijn de afgelopen jaren behoorlijk aangetrokken met de invoering van onder meer artikel 67o AWR, artikel 10a AWR, de 300%-boete in box 3 en de (gedeeltelijke) afschaffing van de inkeerregeling. Ook merk ik in mijn praktijk als advocaat dat het strafrecht steeds vaker wordt ingezet tegen wat het Openbaar Ministerie en de FIOD facilitators noemen. Zeker nu de grenzen tussen belastingontwijking en belastingontduiking steeds verder lijken te vervagen. Kortom: deze zaak is geen incident meer.<\/p>"}],"METADATA":{"RUBRIEKEN":[{"RUBRIEKI":"Formeel belastingrecht"}],"instantie":"Rechtbank Noord-Holland","datum instantie":"2017-11-30T00:00:00+01:00","rolnummer":"16\/4596","ecli":"ECLI:NL:RBNHO:2017:9859","NLF-nummer":"2018\/0381","JUDOREG":"NFB1294","Annotator":"Mark Hendriks","wetsartikelen":["Art 5:1 Algemene wet bestuursrecht","Artikel 10a AWR","Artikel 15 Uitv. besl. OB 1968"]},"sharelink":"https:\/\/www.nlfiscaal.nl\/nlf2018\/0381","endpointbron":"https:\/\/app.nlfiscaal.nl\/fiscanet\/fiscaal.nsf\/jsonapp\/8B67AF0E563639F9C1258216002C0E9C?opendocument"}
