{"nlfnummer":"2018\/0368","kortkopje":"Mogelijke grove schuld van fiscaal adviseur niet toegerekend aan echtgenote","unid":"14003F5BC7E229D6C125822C006C57F3","samenvatting":"<p>De echtgenoot van X (belanghebbende) is fiscaal adviseur. Hij drijft een onderneming. Specifieke zorgkosten van X en haar echtgenoot zijn in de jaren 2009 tot en met 2013 geheel toegerekend aan X. Na een boekenonderzoek bij de echtgenoot heeft de Inspecteur de aftrek wegens uitgaven voor specifieke zorgkosten (parkeerkosten, hulpmiddelen, vervoer en kleding en beddengoed) geweigerd. Voor de jaren 2009 tot en met 2013 zijn navorderingsaanslagen opgelegd.<\/p><br><p>Volgens de Inspecteur mag van de echtgenoot als fiscaal adviseur worden verwacht dat hij over voldoende kennis beschikt omtrent de aftrekbaarheid van de buitengewone uitgaven. Gelet hierop zijn ook boetes opgelegd.<\/p><br><p>In geschil is of de aftrek terecht is geweigerd.<\/p><br><p>Blijkens het rapport boekenonderzoek zijn de reiskosten die X heeft afgetrokken voor het halen van medicijnen (huisapotheek) bij drogist en apotheek en voor het bezoeken van patiëntenvereniging en opticien gecorrigeerd. Hof Arnhem-Leeuwarden oordeelt dat deze correctie terecht is nu deze vervoerskosten geen reiskosten zijn voor het vervoer naar een arts of ziekenhuis. De vraag of parkeerkosten als zorgkosten kwalificeren behoeft derhalve geen beantwoording.<\/p><br><p>X heeft niet vergoede kosten voor twee staaroperaties, waarbij ooglenzen zijn vervangen, in aftrek gebracht. Voor zover hier sprake is van een hulpmiddel, betreft dit een hulpmiddel ter ondersteuning van het gezichtsvermogen dat geen ander hulpmiddel is in de zin van artikel 6.17, lid 1, aanhef en onderdeel d, Wet IB 2001, zodat de hiervoor gemaakte kosten niet voor aftrek in aanmerking komen. X maakt verder niet aannemelijk dat uitgaven voor extra kleding en beddengoed zijn gedaan.<\/p><br><p>De navorderingsaanslagen blijven in stand. De boetes worden vernietigd. De bewijslast dat sprake is van grove schuld rust op de Inspecteur. Hij is hierin niet geslaagd nu hij slechts grove schuld van de echtgenoot van X heeft gesteld en onderbouwd en geen grove schuld heeft gesteld ten aanzien van X.<\/p>","METADATA":{"RUBRIEKEN":[{"RUBRIEKI":"Inkomstenbelasting"},{"RUBRIEKII":"Formeel belastingrecht"}],"instantie":"Hof Arnhem-Leeuwarden","datum instantie":"2018-01-23T00:00:00+01:00","rolnummer":"16\/01021 t\/m 16\/01025","ecli":"ECLI:NL:GHARL:2018:886","NLF-nummer":"2018\/0368","formele relaties":[{"instantie":"Rechtbank: ","ecli":"niet gepubliceerd"}],"wetsartikelen":["Artikel 6.17 Wet IB 2001"]},"sharelink":"https:\/\/www.nlfiscaal.nl\/nlf2018\/0368","endpointbron":"https:\/\/app.nlfiscaal.nl\/fiscanet\/fiscaal.nsf\/jsonapp\/F69934A1D3F94E93C1258228002C375F?opendocument"}
