{"nlfnummer":"2018\/0377","kortkopje":"Geen navorderingsbevoegdheid voor nalatenschap die is vrijgevallen vóór 1985","unid":"1F58916DF0B2DC6AC125822300676EF6","samenvatting":"<p>A is in 1982 overleden. De erfgenamen (echtgenote en drie kinderen; belanghebbenden) hebben in de aangifte successierecht alleen opgave gedaan van Nederlands vermogen. Op 1 februari 2012 is in het kader van een verklaring vrijwillige verbetering gemeld dat erflater ten tijde van zijn overlijden beschikte over buitenlands vermogen. Na diverse correspondentie en overleg zijn aan de erfgenamen met dagtekening 10 april 2014 navorderingsaanslagen in het successierecht opgelegd.<\/p><br><p>In geschil is of de navorderingsaanslagen met toepassing van artikel 66, lid 3, SW 1956 konden worden opgelegd.<\/p><br><p>Volgens Rechtbank Noord-Holland is de bevoegdheid tot navordering in 1994 verjaard, ervan uitgaande dat de akte van overlijden in 1982 in het register is ingeschreven. De Rechtbank heeft de navorderingsaanslagen vernietigd.<\/p><br><p>De Rechtbank heeft volgens Hof Amsterdam terecht geoordeeld dat naar de stand van het recht voorafgaand aan de invoering van de huidige onbeperkte navorderingstermijn per 1 januari 2012, de bevoegdheid tot navorderen was vervallen. Gelet hierop heeft de Rechtbank terecht de onderhavige navorderingsaanslagen vernietigd, aldus het Hof.<\/p><br><p>De staatssecretaris heeft met één middel cassatieberoep ingesteld. Hij stelt dat het Hof ten onrechte heeft beslist dat artikel 66, lid 1, onder 7°, SW 1956 (tekst tot en met 1994) niet meer van toepassing is op de onderhavige situatie. Het eerste middel in de zaak met nummer 17\/00646, <a href=\"\/fiscanet\/fiscaal.nsf\/0\/8C6DF5D4A2022ECDC125822100371D99?opendocument\">ECLI:NL:PHR:2017:1460<\/a> (<a href=\"\/fiscanet\/fiscaal.nsf\/0\/8C6DF5D4A2022ECDC125822100371D99?opendocument\">NLF 2018\/0376<\/a>, met noot van Hoogwout), waarin A-G IJzerman ook een conclusie heeft uitgebracht, is gelijk aan het enige middel in de onderhavige zaak.<\/p><br><p>Het gaat in deze cassatieprocedure over de interpretatie van het overgangsrecht ter zake van de opvolgende wettelijke regelingen van de verjaringstermijn voor navordering. De A-G gaat in de op de vier wettelijke fasen. Volgens de staatssecretaris moet het overgangsrecht zo worden uitgelegd dat in casu nog steeds de onbeperkte navorderingstermijn van de wettelijke fase 1 geldt. In deze fase was niet van belang hoelang geleden de verkrijging had plaatsgevonden, maar werd uitgegaan van het tijdstip van ontdekking van een bepaalde onjuistheid door de Inspecteur. Na ontdekking had de Inspecteur vervolgens vijf jaren de gelegenheid om een navorderingsaanslag op te leggen. De onderhavige navorderingsaanslag is ruim binnen die termijn van vijf jaren opgelegd en daarom rechtsgeldig, aldus de Inspecteur.<\/p><br><p>De A-G acht het oordeel van het Hof over verjaring echter juist. Volgens de A-G is de navorderingstermijn hier geëindigd twaalf jaren na de inschrijving bij de burgerlijke stand van de akte inhoudende dat erflater is overleden op 14 juni 1982, derhalve op 14 juni 1994, althans, gezien de praktijk, enkele dagen later. De onderhavige navorderingsaanslagen met dagtekening 10 april 2014 zijn dus inderdaad, zoals het Hof heeft geoordeeld, buiten de geldende navorderingstermijn opgelegd.<\/p><br><p>Conclusie: het cassatieberoep is ongegrond.<\/p>","noten":[{"annotator":"Nicole Gubbels","werkzaambij":"Belastingdienst\/Vrije Universiteit\/Tilburg University","tekstnoot":"<p>In artikel 66, lid 3, SW 1956 is met ingang van 1 januari 2012 een onbeperkte navorderingstermijn opgenomen voor verzwegen buitenlands vermogen. Deze in de tijd onbeperkte navorderingstermijn is opgenomen naar aanleiding van de zogenoemde ‘Edelweissroute’ en geldt daarom uitsluitend voor buitenlands vermogen. De vraag of deze bepaling ook van toepassing is op situaties waarin de navorderingstermijn reeds was verstreken toen deze bepaling werd ingevoerd, heeft veel pennen in beweging gebracht. Volgens vrijwel alle auteurs is dat niet het geval. Inmiddels heeft ook de Hoge Raad in deze zin geoordeeld. In het arrest van 3 maart 2017<voetnoot>HR 3 maart 2017, 16\/03506, <a href=\"https:\/\/www.nlfiscaal.nl\/fiscanet\/fiscaal.nsf\/0\/B31A75E0C780FB0AC12580D800398013?opendocument\">ECLI:NL:HR:2017:356<\/a>, <a href=\"https:\/\/www.nlfiscaal.nl\/fiscanet\/fiscaal.nsf\/0\/B31A75E0C780FB0AC12580D800398013?opendocument\">NLF 2017\/0662<\/a>, met noot van Brouwers.<\/voetnoot> was erflater in 1998 overleden. Op grond van het destijds geldende recht verliep de navorderingstermijn in 2010. De Hoge Raad volgt het Hof en de Rechtbank, dat uit de bewoordingen van artikel 66, lid 3, SW 1956 niet valt af te leiden dat de onbeperkte terugwerkende kracht ook geldt voor die gevallen waarvoor de bevoegdheid tot navordering al was vervallen toen deze bepaling werd ingevoerd:<\/p>\n<p> <\/p>\n<p>‘Bij hetgeen hiervoor is overwogen dient mede in ogenschouw te worden genomen dat de in artikel 16, leden 3 en 4, AWR opgenomen termijnen de rechtszekerheid dienen (…). De door het middel bepleite uitleg van artikel 66, lid 3, van de Successiewet tast die rechtszekerheid aan. Deze uitleg kan dan ook niet worden aanvaard als niet blijkt van de uitdrukkelijke bedoeling van de wetgever om aan voormelde bepaling die werking te doen toekomen, hetgeen niet het geval is.’<\/p>\n<p> <\/p>\n<p>De onbeperkte navorderingstermijn geldt dus alleen voor die gevallen waarin de navorderingsbevoegdheid op 1 januari 2012 nog bestond. Althans, in ieder geval als het overlijden heeft plaatsgevonden na 1985. In de onderhavige zaak vond het overlijden plaats vóór 1985. In het destijds geldende artikel 66, lid 1, onder 7°, SW 1956 was geregeld dat de navorderingstermijn vervalt vijf jaar nadat de onjuistheid of onvolledigheid ter kennis van de Inspecteur is gekomen. Toen de wet met ingang van 1 januari 1985 werd gewijzigd was voorzien in overgangsrecht, op grond waarvan voor overlijdensgevallen vóór 1985 de oude bepaling van kracht bleef.<voetnoot>Vergelijk HR 19 september 1990, 26.986, ECLI:NL:HR:1990:ZC4393.<\/voetnoot> Hof Amsterdam erkent weliswaar de werking van dit overgangsrecht, maar wijst erop dat op 8 juni 1991 artikel 66 SW 1956 nogmaals is gewijzigd. Het Hof oordeelt dat de toen ingevoerde nieuwe navorderingstermijn van twaalf jaar alleen niet van toepassing was indien de bevoegdheid tot navordering op die datum reeds was vervallen. Omdat in casu de navorderingstermijn niet was verstreken, zou de nieuwe bepaling op de onderhavige situatie van toepassing zijn. Omdat de navorderingstermijn van twaalf jaar is verstreken kan geen navordering meer plaatsvinden.<\/p>\n<p>Voor het onderhavige geval is dus cruciaal of de wetswijziging in 1991 het oude overgangsrecht buiten werking heeft gesteld. De A-G merkt op dat het overgangsrecht in 1991 ‘maar in beperkte mate helder’ is. Duidelijk is alleen dat men de bepaling niet van toepassing wilde laten zijn op gevallen waarin de navorderingstermijn reeds was verstreken. Niet duidelijk is op welke wijze moet worden omgegaan met de gevallen waarin het belastbare feit zich heeft voorgedaan vóór 1985. De A-G werpt de vraag op of ‘men die kwestie destijds gezien heeft’. Een mijns inziens heldere en overtuigende analyse. Dat geldt ook voor het vervolg. Omdat de wettekst niet duidelijk is, moet het overgangsrecht worden uitgelegd. In lijn met de hiervoor aangehaalde uitspraak van de Hoge Raad van 3 maart 2017, hecht de A-G bij deze uitleg sterk aan de rechtsbescherming van belanghebbende. De A-G voert vervolgens een vijftal argumenten aan waarom de wettelijke bepaling die in 1991 is ingevoerd ook op deze situatie van toepassing is. Een van deze argumenten is dat als de wetgever in het overgangsrecht eerbiedigende werking had willen opnemen, het op de weg van de wetgever had gelegen dit te expliciteren. ‘Nu dit niet is gebeurd kan er vanuit worden gegaan dat dit niet de intentie van de wetgever is geweest. (…) Vaagheid van de kant van de wetgever (…) zou ik bij voorkeur niet willen brengen ten laste van de belastingplichtigen.’ De kans lijkt me bijzonder klein dat de Hoge Raad daar anders over denkt.<\/p>"}],"METADATA":{"RUBRIEKEN":[{"RUBRIEKI":"Schenk- en erfbelasting"}],"instantie":"A-G","datum instantie":"2017-12-21T00:00:00+01:00","rolnummer":"17\/03124","ecli":"ECLI:NL:PHR:2017:1461","NLF-nummer":"2018\/0377","JUDOREG":"NFB1290","Annotator":"Nicole Gubbels","formele relaties":[{"instantie":"Rechtbank: ","ecli":"<a href=\"https:\/\/app.nlfiscaal.nl\/fiscanet\/fiscaal.nsf\/0\/4E286409FAFFE627C12580500026A3C6?opendocument\">ECLI:NL:RBNHO:2016:8040<\/a>"},{"instantie":"Hof: ","ecli":"<a href=\"https:\/\/app.nlfiscaal.nl\/fiscanet\/fiscaal.nsf\/0\/9C727B23EC667570C1258154002C443C?opendocument\">ECLI:NL:GHAMS:2017:2600<\/a>"}],"wetsartikelen":["Artikel 66 lid 3 SW 1956"]},"sharelink":"https:\/\/www.nlfiscaal.nl\/nlf2018\/0377","endpointbron":"https:\/\/app.nlfiscaal.nl\/fiscanet\/fiscaal.nsf\/jsonapp\/1312DD6BABF8381CC125822100371AF2?opendocument"}
