{"nlfnummer":"2018\/0384","kortkopje":"Prejudiciële vragen over wederzijdse bijstand bij invordering en faillissementen","unid":"2B80B4E21C3F000FC125822E006B64BE","samenvatting":"<p>De Estse belasting- en douanedienst Maksu- ja Tolliamet (hierna: M&T) heeft op 18 april 2012 bij de Finse belastingdienst een verzoek tot invordering van de van Metirato in te vorderen belasting en verschuldigde rente voor in totaal € 28.754,50 ingediend. Naar aanleiding van dat verzoek zond de Finse belastingdienst de schuldvorderingen van Estland ter invordering naar de Finse invorderingsdienst.<\/p><br><p>De M&T ontving uiteindelijk een deel van de verschuldigde belasting.<\/p><br><p>Metirato is op 8 mei 2013 op eigen verzoek failliet verklaard. De M&T zond op 10 september 2013 een tweede verzoek om invordering naar de Finse belastingdienst voor het nog openstaande bedrag. Op grond van dit verzoek heeft de Finse belastingdienst op 17 september 2013 naast zijn eigen schuldvorderingen de belastingvorderingen van de Estse Staat bij de failliete boedel gedeclareerd. De faillissementscurator heeft op 8 mei 2014 bij de rechter jegens de Finse Staat\/belastingdienst gevorderd de door de belastingdienst op de boedel verhaalde bedragen terug te betalen.<\/p><br><p>Voor de beslechting van het eigenlijke geschilpunt rijst voor de verwijzende rechter, de Helsingin käräjäoikeus (Finland) de vraag of de belastingdienst van Finland dan wel de belastingdienst van Estland in deze zaak verweerder is wat de op grond van de Invorderingsrichtlijn (Richtlijn 2010\/24) verrichte en aan Estland afgedragen betalingen betreft. Hierover heeft de Helsingin käräjäoikeus aan het Hof van Justitie prejudiciële vragen gesteld.<\/p>","METADATA":{"RUBRIEKEN":[{"RUBRIEKI":"Europees belastingrecht"}],"instantie":"HvJ","datum instantie":"2018-01-29T00:00:00+01:00","rolnummer":"C-695\/17","NLF-nummer":"2018\/0384"},"sharelink":"https:\/\/www.nlfiscaal.nl\/nlf2018\/0384","endpointbron":"https:\/\/app.nlfiscaal.nl\/fiscanet\/fiscaal.nsf\/jsonapp\/9C5E58AD2B797039C125822E00570124?opendocument"}
