{"nlfnummer":"2018\/0375","kortkopje":"E-mail met twee gebreken aangemerkt als tijdig beroepschrift; geen naheffingsgrond","unid":"2F43DC07EC32D517C1258230002C96D3","samenvatting":"<p>Naar aanleiding van een boekenonderzoek bij X (bv; belanghebbende) met betrekking tot de juistheid van in aftrek gebrachte voorbelasting, is aan X een naheffingsaanslag omzetbelasting opgelegd. Bij uitspraak op bezwaar van 9 januari 2016 is de naheffingsaanslag verminderd. X heeft daartegen bij e-mail van 18 februari 2016 en bij brief van 8 december 2016 opnieuw bezwaar gemaakt. De Inspecteur heeft de brief als beroepschrift doorgezonden aan Rechtbank Midden-Nederland, waar het op 26 januari 2017 is ontvangen. Na doorzending is het beroepschrift door Rechtbank Gelderland ontvangen op 2 februari 2017.<\/p><br><p>In geschil is in de eerste plaats of het beroep ontvankelijk is.<\/p><br><p>Naar het oordeel van de Rechtbank dient de e-mail van 18 februari 2016 aangemerkt te worden als beroepschrift. Hieraan kleven twee gebreken, te weten het feit dat het beroep bij de verkeerde instantie is ingediend en dat het per e-mail is ingediend. De Inspecteur had de e-mail moeten doorzenden als beroepschrift. Het feit dat het beroep per e-mail is ingediend maakt dat niet anders, omdat voor dat vormverzuim een mogelijkheid tot herstel dient te worden geboden voordat dit kan leiden tot niet-ontvankelijkverklaring (zie artikel 6:6 Awb en HR 11 augustus 2017, 17\/00877, <a href=\"\/fiscanet\/fiscaal.nsf\/0\/CB8522283077BCC4C1258179003504B0?opendocument\">ECLI:NL:HR:2017:1612<\/a>, <a href=\"\/fiscanet\/fiscaal.nsf\/0\/CB8522283077BCC4C1258179003504B0?opendocument\">NLF 2017\/2024<\/a>, met noot van De Roos). Het beroep is tijdig ingediend en ontvankelijk.<\/p><br><p>De naheffingsaanslag is gebaseerd op correcties ter zake van omzetbelasting die X ten onrechte in vooraftrek zou hebben gebracht. Voor een deel van de facturen is echter niet aannemelijk dat de vooraftrek is verleend, gelet op de nihilbeschikking over het derde kwartaal van 2012. Daarvoor ontbreekt dan een grond voor naheffing. Na aftrek van die bedragen resteert geen na te heffen bedrag. De vraag of recht op de vooraftrek bestaat, moet worden beantwoord in de procedure ter zake van de nihilbeschikking.<\/p>","METADATA":{"RUBRIEKEN":[{"RUBRIEKI":"Omzetbelasting"},{"RUBRIEKII":"Formeel belastingrecht"}],"instantie":"Rechtbank Gelderland","datum instantie":"2018-01-10T00:00:00+01:00","rolnummer":"17\/661","ecli":"ECLI:NL:RBGEL:2018:82","NLF-nummer":"2018\/0375","wetsartikelen":["Artikel 6:6 Awb"],"NFLT-termen":["Pro forma"]},"sharelink":"https:\/\/www.nlfiscaal.nl\/nlf2018\/0375","endpointbron":"https:\/\/app.nlfiscaal.nl\/fiscanet\/fiscaal.nsf\/jsonapp\/5EDB3DA11072EF1BC12582280031B354?opendocument"}
