{"nlfnummer":"2018\/0362","kortkopje":"Kosten diepwoelen activeren als aanschaffingskosten grond; toerekening subsidie","unid":"38D2B2042E6560C5C125822000791263","samenvatting":"<p>Vof X (belanghebbende) exploiteert een landbouwbedrijf. X heeft grond aangekocht waarop Robinia-bomen waren aangeplant ten behoeve van het verkrijgen van Europees hardhout. De grond is verkocht aan X omdat de Robinia-teelt was mislukt. Na aankoop heeft X de aanwezige bomen laten rooien en de grond bewerkt door middel van diepwoelen, om deze geschikt te maken voor akkerbouw. Voor deze werkzaamheden heeft X een diepwoeler gehuurd voor een bedrag van € 20.000. Op de landerijen is onder meer een hoogstamboomgaard aangeplant. Hiervoor heeft X in 2010 een landbouwsubsidie ontvangen van € 20.844.<\/p><br><p>In geschil is in de eerste plaats of de kosten die zijn gemoeid met de huur in 2010 van de diepwoeler in 2010 ten laste van het resultaat kunnen worden gebracht (standpunt X), of dat ze deel uitmaken van de aanschafkosten van de grond en daarom moeten worden geactiveerd (standpunt Inspecteur).<\/p><br><p>Rechtbank Noord-Holland heeft X op dit punt gelijk gegeven. Hof Amsterdam neemt evenals de Rechtbank het arrest HR 19 november 1958, 13.693, ECLI:NL:HR:1958:AY0704 tot richtsnoer, maar komt juist op grond van dit arrest tot het oordeel dat de kosten dienen te worden geactiveerd als aanschaffingskosten van het bedrijfsmiddel grond, zoals dat in de onderneming wordt gebezigd. Het gelijk op dit geschilpunt is derhalve aan de Inspecteur.<\/p><br><p>De subsidie is onbelast op grond van artikel 3.13, aanhef en onderdeel g, Wet IB 2001. In geschil is verder op welke wijze het aan de onbelaste subsidie toe te rekenen deel van de kosten moet worden bepaald. De Rechtbank heeft geen aanleiding gezien om hieraan een ander deel van de kosten toe te rekenen dan overeenkomt met een evenredig deel van alle kosten, zoals de Inspecteur voorstaat (in casu € 789).<\/p><br><p>Het Hof komt met betrekking tot dit geschilpunt tot hetzelfde oordeel als de Rechtbank.<\/p>","noten":[{"annotator":"Warner Bruins Slot","werkzaambij":"Meijburg & Co","tekstnoot":"<p>Een stichting bezit grond waarop Robinia-bomen zijn geplant. De oogst daarvan mislukt en de stichting zet de grond in de verkoop. Een agrariër koopt de grond, rooit de bomen en huurt voor € 20.000 een diepwoeler waarmee de wortels van de eerst door hem gerooide bomen uit de grond worden gehaald. De Rechtbank oordeelt dat de huursom van de diepwoeler ten laste van de winst kan worden gebracht, omdat de kosten niet zijn gemaakt om de grond in de staat te brengen waarin de koper het voor zijn bedrijf wil gebruiken. Ook met wortels was de grond volgens de Rechtbank al in de gewenste staat.<\/p>\n<p>Het Hof komt tot een tegengesteld oordeel: alleen zonder wortels is de grond in de gewenste staat. De huurkosten van de diepwoeler behoren dan tot de kostprijs van de grond.<\/p>\n<p>De centrale vraag luidt: is het werkelijk zo dat de grond alleen zonder wortels bedrijfsklaar is? Een feit is dat de grond met wortels wel degelijk geschikt was voor de teelt van maaigewassen – een van de vele vormen waarin het landbouwbedrijf kan worden uitgeoefend – en daarvoor wilde belanghebbende de grond de eerste jaren aanwenden. Gebleken is dat hij de grond uiteindelijk heeft aangewend voor de teelt van andere gewassen, in het kader waarvan het verwijderen van de wortels wel noodzakelijk was. Maar wat mij betreft doet dat niet ter zake. Waar het in mijn optiek om gaat, is dat de grond met wortels bedrijfsklaar was <em>voor een bepaalde vorm<\/em> van het landbouwbedrijf en daarmee <em>voor het landbouwbedrijf<\/em>. Dat de agrariër na aankoop kennelijk toch niet koos voor de teelt van maaigewassen, maar voor een andere tak van sport en daarvoor kosten maakte, leidt volgens mij tot de conclusie die kosten niet werden gemaakt om de grond in bedrijfsklare staat te krijgen, maar om een bepaalde vorm van het landbouwbedrijf mogelijk te maken. Meer dan met de grond staan de huurkosten in verband met de bedrijfsvoering. Het oordeel van de Rechtbank bevredigt mijn rechtsgevoel daarom in hogere mate dan dat van het Hof.<\/p>"}],"METADATA":{"RUBRIEKEN":[{"RUBRIEKI":"Inkomstenbelasting"}],"instantie":"Hof Amsterdam","datum instantie":"2018-01-11T00:00:00+01:00","rolnummer":"16\/00512, 16\/00513, 16\/00516","ecli":"ECLI:NL:GHAMS:2018:84","NLF-nummer":"2018\/0362","JUDOREG":"NFB1280","Annotator":"Warner Bruins Slot","formele relaties":[{"instantie":"Rechtbank: ","ecli":"<a href=\"https:\/\/app.nlfiscaal.nl\/fiscanet\/fiscaal.nsf\/0\/3BFCC56880B5E950C12580500031B7AD?opendocument\">ECLI:NL:RBNHO:2016:8404<\/a>"}],"wetsartikelen":["Artikel 3.25 Wet IB 2001","Artikel 3.13 lid 1 onderdeel g Wet IB 2001"],"NFLT-termen":["Goed koopmansgebruik","Bosbouwsubsidie"]},"sharelink":"https:\/\/www.nlfiscaal.nl\/nlf2018\/0362","endpointbron":"https:\/\/app.nlfiscaal.nl\/fiscanet\/fiscaal.nsf\/jsonapp\/BAF075917EB100BAC125821F0031A64B?opendocument"}
