{"nlfnummer":"2018\/0361","kortkopje":"Interest Rate Swap kwalificeert als box 3-bezitting\/schuld (1)","unid":"506DC9070AACE069C1258228006B0E13","samenvatting":"<p>In mei 2007 is X (belanghebbende) met de SNS-Bank (de bank) een Interest Rate Swap (IRS) overeengekomen met een looptijd van tien jaar. Op grond daarvan betaalt hij aan de bank een vaste rente van 4,46 procent en ontvangt hij van de bank een variabele rente op basis van éénmaands Euribor. Beide rentes worden berekend overeen als rekengrootheid fungerend bedrag van (aanvankelijk) € 7.000.000. De IRS heeft gedeeltelijk (voor 44,97 procent) betrekking op de financiering van vermogensbestanddelen die behoren tot het privévermogen van X. Op de peildata voor de berekening van het box 3-inkomen was de éénmaands Euribor gedaald ten opzichte van de situatie ten tijde van het afsluiten van de IRS.<\/p><br><p>Voor Hof Amsterdam was in geschil of de negatieve waarde die de IRS had als gevolg van de vermelde rentedaling, als negatief vermogensbestanddeel in aanmerking genomen moet worden bij de berekening van het belastbaar inkomen in box 3. Het Hof heeft de IRS omschreven als een rechtsverhouding waarbij gedurende tien jaar sprake is van tegenover elkaar staande verplichtingen, waarvan het beloop afhankelijk is van toekomstige rentefluctuaties en het verschil tussen de vaste rente en de marktrente aan het eind van het jaar indicatief is voor de waarde in het economische verkeer van de IRS. Daarvan uitgaande behoort de IRS, voor zover deze betrekking heeft op de financiering van privévermogen, tot de ‘overige vermogensrechten’ als bedoeld in artikel 5.3, lid 2, onderdeel f, Wet IB 2001, aldus het Hof.<\/p><br><p>Tegen dit oordeel heeft X cassatieberoep ingesteld, maar de Hoge Raad verklaart dit ongegrond.<\/p><br><p>De IRS is een overeenkomst tussen X en de bank op basis waarvan X enerzijds een verplichting en anderzijds een recht heeft jegens de bank. Deze verplichting vormt voor X als schuldenaar een verplichting met een waarde in het economische verkeer die, voor zover deze betrekking heeft op de financiering van privévermogen, als een schuld in de zin van artikel 5.3, lid 3, Wet IB 2001 is aan te merken en als zodanig een bestanddeel vormt van de rendementsgrondslag van box 3 (vgl. HR 27 februari 2009, 07\/12914, <a href=\"\/fiscanet\/fiscaal.nsf\/0\/7549E88513EC6F0DC12574A00021A02C?opendocument\">ECLI:NL:HR:2009:BD9217<\/a>). Het recht houdt in dat X het bedrag van de variabele rente van de bank vergoed krijgt. Een zodanig recht is een vermogensrecht in de zin van artikel 3:6 BW, aangezien het is verkregen in ruil voor verstrekt of in het vooruitzicht gesteld stoffelijk voordeel. Voor zover het betrekking heeft op de financiering van privévermogen is dat recht daarom een bezitting als bedoeld in artikel 5.3, lid 2, Wet IB 2001. De schuld en de bezitting zijn als één geheel overeengekomen en worden tezamen aangeduid als IRS. Daarom doet zich hier de situatie voor dat voor de berekening van het inkomen in box 3 de schuld en de bezitting als eenheid in aanmerking moeten worden genomen (artikel 5.19, lid 2, Wet IB 2001). In dit geval kan daardoor het negatieve saldo van de waarden van de schuld en de bezitting bij de bepaling van de rendementsgrondslag in box 3 in aanmerking worden genomen als schuld.<\/p><br><p>Conform Conclusie A-G Wattel.<\/p>","noten":[{"annotator":"Corné Brouwers","werkzaambij":"Belastingdienst","tekstnoot":"<p>Deze noot heeft tevens betrekking op het gelijkluidende arrest van dezelfde datum met nummer 17\/00122 (<a href=\"https:\/\/www.nlfiscaal.nl\/fiscanet\/fiscaal.nsf\/0\/D60B1425E6215B97C12582280039DA7D?opendocument\">NLF 2018\/0390<\/a>).<\/p>\n<p><k2>Een renteswap: zowel een recht als een plicht<\/k2><\/p>\n<p>De Hoge Raad verklaart het beroep in cassatie van de staatssecretaris ongegrond en oordeelt dat een renteswap met een negatieve waarde kan worden beschouwd als een schuld in box 3 (voor zover betrekking hebbend op de financiering van privévermogen). Het Hof was ook al tot het oordeel gekomen dat een dergelijke renteswap in box 3 in aanmerking moet worden genomen, maar wel met een andere motivering. Volgens het Hof is een renteswap namelijk te beschouwen als een bezitting (een overig vermogensrecht in de zin van artikel 5.3, lid 2, onderdeel f, Wet IB 2001) die bij een negatieve waarde als ‘negatieve bezitting’ in box 3 kan worden meegenomen. Het Hof definieerde de renteswap daarbij als ‘een rechtsverhouding waarbij gedurende een aantal jaren sprake is van tegenover elkaar staande verplichtingen, waarvan het beloop afhankelijk is van toekomstige rentefluctuaties en het verschil tussen vaste rente en marktrente aan het eind van het jaar indicatief is voor de waarde in het economische verkeer’ (r.o. 2.2.2 van het arrest). De Hoge Raad lijkt in r.o. 2.3.2 deze omschrijving iets te herdefiniëren door niet te spreken van een rechtsverhouding met tegenover elkaar staande verplichtingen maar van ‘een overeenkomst tussen belanghebbende en de bank op basis waarvan belanghebbende enerzijds een verplichting en anderzijds een recht heeft jegens de bank’. Doordat binnen een renteswap deze verplichting en schuld als één geheel zijn overeengekomen doet zich in de ogen van ons hoogste rechtscollege de situatie voor dat voor de berekening van het inkomen in box 3 moet worden uitgegaan van samenhangende waardering, zoals bedoeld in artikel 5.19, lid 2, Wet IB 2001. Indien daardoor een negatief saldo ontstaat – de waarde van de schuld is hoger dan die van de bezitting – dient dit saldo vervolgens als schuld in box 3 in aanmerking te worden genomen. Daarbij is niet van belang, zoals door de staatssecretaris was betoogd, dat een renteswap niet kan worden verkocht, noch dat belanghebbende niet kan worden verplicht om aan de bank op enig moment de negatieve waarde van de swap te betalen. Waarom dat zo is, licht de Hoge Raad overigens niet toe, terwijl ik denk dat (met name) de staatssecretaris dat graag had willen weten.<\/p>\n<p><k2>Samenhangende waardering<\/k2><\/p>\n<p>Het is opmerkelijk dat pas bij de Hoge Raad artikel 5.19, lid 2, Wet IB 2001 aan de orde komt. Tot dusver ging de discussie tussen de belanghebbende en de Inspecteur (en later de staatssecretaris) namelijk uitsluitend over de vraag of een negatieve renteswap te beschouwen is als óf een negatieve bezitting, óf als een schuld. In mijn noot bij de conclusie van de A-G<voetnoot>Conclusie A-G Wattel 11 oktober 2017, 17\/00122, <a href=\"https:\/\/www.nlfiscaal.nl\/fiscanet\/fiscaal.nsf\/0\/EDAE91CA33FA1C37C12581C6003675AA?opendocument\"><a href=\"\/fiscanet\/fiscaal.nsf\/0\/EDAE91CA33FA1C37C12581C6003675AA?opendocument\"><a href=\"\/fiscanet\/fiscaal.nsf\/0\/EDAE91CA33FA1C37C12581C6003675AA?opendocument\">ECLI:NL:PHR:2017:1134<\/a><\/a><\/a>, <a href=\"https:\/\/www.nlfiscaal.nl\/fiscanet\/fiscaal.nsf\/0\/EDAE91CA33FA1C37C12581C6003675AA?opendocument\"><a href=\"\/fiscanet\/fiscaal.nsf\/0\/EDAE91CA33FA1C37C12581C6003675AA?opendocument\">NLF 2017\/2659<\/a><\/a>, met noot van ondergetekende.<\/voetnoot> uitte ik mijn verbazing daar al over, omdat de toepassing van dit artikel best voor de hand ligt. Artikel 5.19, lid 2, Wet IB 2001 schrijft immers in box 3 een soort van samenhangende waardering voor, welk leerstuk voor renteswaps in de winstsfeer juist verhindert dat een negatieve waarde van een swap al gedurende de looptijd ten laste van de winst kan worden gebracht.<voetnoot>Zie Rechtbank Den Haag 6 juli 2017, 16\/2800, <a href=\"https:\/\/www.nlfiscaal.nl\/fiscanet\/fiscaal.nsf\/0\/6F5BCA436E25CEA6C125819C0052C892?opendocument\"><a href=\"\/fiscanet\/fiscaal.nsf\/0\/6F5BCA436E25CEA6C125819C0052C892?opendocument\"><a href=\"\/fiscanet\/fiscaal.nsf\/0\/6F5BCA436E25CEA6C125819C0052C892?opendocument\">ECLI:NL:RBDHA:2017:9308<\/a><\/a><\/a>, <a href=\"https:\/\/www.nlfiscaal.nl\/fiscanet\/fiscaal.nsf\/0\/6F5BCA436E25CEA6C125819C0052C892?opendocument\">NLF 2017\/2337<\/a>, met noot van Russo. Alhoewel dat oordeel gebaseerd lijkt te zijn op het realiteitsbeginsel van goed koopmansgebruik ben ik met Russo van mening dat in feite sprake is van hedging.<\/voetnoot> Ik vind het dan ook niet zo’n verrassing dat de Hoge Raad zijn oordeel baseert op artikel 5.19, lid 2, Wet IB 2001.<\/p>\n<p><k2>Negatieve bezittingen, kennen we die in box 3?<\/k2><\/p>\n<p>Met dit arrest is duidelijk geworden dat de Hoge Raad een renteswap met een negatieve waarde, voor zover die ziet op de financiering van privévermogen, ziet als een schuld in de zin van artikel 5.3, lid 3, Wet IB 2001. Maar kan uit dit arrest nu ook de conclusie worden getrokken dat de Hoge Raad in box 3 überhaupt geen ‘negatieve bezittingen’ kent, zoals de staatssecretaris betoogde? Ik ben geneigd te zeggen van niet. De Hoge Raad is aan die vraag simpelweg niet toegekomen, omdat hij een renteswap ‘opknipt’ in een recht en een verplichting die in box 3 te beschouwen zijn als een bezitting, respectievelijk een schuld. Dat zou anders geweest zijn als de Hoge Raad het Hof had gevolgd en de renteswap sec beschouwd zou hebben als een ‘overig vermogensrecht’ in de zin van artikel 5, lid 2, onderdeel f, Wet IB 2001. Bij een negatieve waarde van de swap had de Hoge Raad dan onmiskenbaar moeten aangeven of een – alsdan – negatief vermogensrecht een negatieve bezitting in box 3 oplevert. Nu blijft de fiscale rechtspraktijk dus toch nog met een paar vragen zitten.<\/p>"}],"METADATA":{"RUBRIEKEN":[{"RUBRIEKI":"Inkomstenbelasting"}],"instantie":"HR","datum instantie":"2018-02-02T00:00:00+01:00","rolnummer":"17\/00057","ecli":"ECLI:NL:HR:2018:123","NLF-nummer":"2018\/0361","JUDOREG":"NFB1279","Annotator":"Corné Brouwers","formele relaties":[{"instantie":"Rechtbank: ","ecli":"<a href=\"https:\/\/app.nlfiscaal.nl\/fiscanet\/fiscaal.nsf\/0\/C0E673FECFAC3E35C1257DE10031BEA5?opendocument\">ECLI:NL:RBNHO:2014:4588<\/a>"},{"instantie":"Hof: ","ecli":"<a href=\"https:\/\/app.nlfiscaal.nl\/fiscanet\/fiscaal.nsf\/0\/FA1591B4463704B3C12580B300319B24?opendocument\">ECLI:NL:GHAMS:2016:5735<\/a>"},{"instantie":"A-G: ","ecli":"<a href=\"https:\/\/app.nlfiscaal.nl\/fiscanet\/fiscaal.nsf\/0\/EDAE91CA33FA1C37C12581C6003675AA?opendocument\">ECLI:NL:PHR:2017:1134<\/a>"}],"wetsartikelen":["Artikel 5.3 lid 2 Wet IB 2001","Artikel 5.19 lid 2 Wet IB 2001"],"NFLT-termen":["Schulden (box 3)","Bezittingen (box 3)"]},"sharelink":"https:\/\/www.nlfiscaal.nl\/nlf2018\/0361","endpointbron":"https:\/\/app.nlfiscaal.nl\/fiscanet\/fiscaal.nsf\/jsonapp\/C0A51D08B70B7237C125822800399E70?opendocument"}
