{"nlfnummer":"2018\/0369","kortkopje":"Afdrachtvermindering onderwijs; toepassing cafetariasysteem; terugwerkende kracht (1)","unid":"559019412D6BCB53C125821E0072266B","samenvatting":"<p>X (bv; belanghebbende) behoort tot een concern en exploiteert een uitzendbureau voor voornamelijk buitenlandse (Centraal- en Oost-Europese) arbeidskrachten. X heeft opleidingen aangeboden aan haar werknemers. De betreffende opleidingen worden verzorgd door erkende opleidingsinstellingen en hebben een Crebo-nummer. Een aantal opleidingen leidt uiteindelijk tot een certificaat of diploma.<\/p><br><p>Volgens de Inspecteur heeft X ten onrechte de afdrachtvermindering toegepast ter zake van de door de werknemers gevolgde opleidingen. Hij heeft over de jaren 2008 tot en met 2011 loonheffing nageheven.<\/p><br><p>Hof Den Bosch oordeelt dat X recht heeft op afdrachtvermindering ter zake van de door de deelnemers gevolgde AKA-, LM- en SVO-opleidingen. Het Hof verwijst hierbij naar de arresten HR 15 januari 2016, 15\/00350, <a href=\"\/fiscanet\/fiscaal.nsf\/0\/21316DE1819F12D7C1257F3B003AF2DE?opendocument\">ECLI:NL:HR:2016:38<\/a>, HR 22 september 2017, 16\/03857, <a href=\"\/fiscanet\/fiscaal.nsf\/0\/D2FF21C8D4A685C6C12581A30031B9C7?opendocument\">ECLI:NL:HR:2017:2436<\/a>, <a href=\"\/fiscanet\/fiscaal.nsf\/0\/D2FF21C8D4A685C6C12581A30031B9C7?opendocument\">NLF 2017\/2334<\/a>, met noot van Aksoy en HR 20 oktober 2017, 17\/00516, <a href=\"\/fiscanet\/fiscaal.nsf\/0\/45AA974923857EF7C12581BF0031D2B7?opendocument\">ECLI:NL:HR:2017:2658<\/a>, <a href=\"\/fiscanet\/fiscaal.nsf\/0\/45AA974923857EF7C12581BF0031D2B7?opendocument\">NLF 2017\/2499<\/a>.<\/p><br><p>Voor 150 deelnemers is de afdrachtvermindering ten onrechte toegepast. Ten aanzien van deze deelnemers is niet voldaan aan de eis dat een afschrift van de praktijkovereenkomst beroepsbegeleidende leerweg (POK) is bewaard bij de loonadministratie. In zoverre heeft de Inspecteur terecht (€ 218.097) loonheffing nageheven. De naheffingsaanslagen worden verminderd tot dit bedrag.<\/p><br><p>X verzorgt voorts de huisvesting van de uit het buitenland afkomstige werknemers. X stelt dat zij ultimo 2007 een vergoedingsregeling voor de extraterritoriale huisvestingskosten (hierna: ET-regeling) heeft ingevoerd. Huisvestingskosten worden daarbij uit het brutoloon vergoed met compensatie van het brutoloon voor de veroorzaakte verlaging van de grondslagen voor pensioenopbouw en socialezekerheidsrechten. Feitelijk is de ET-regeling pas geïmplementeerd op of rond 1 oktober 2008, omdat de salarissoftware van X niet eerder was aangepast.<\/p><br><p>Volgens de Inspecteur kan het in het eerste halfjaar van 2008 door de werknemers genoten loon niet met terugwerkende kracht naar 1 januari 2008 worden gewijzigd. Hij heeft in verband daarmee een bedrag van € 2.107.592 nageheven.<\/p><br><p>Ondanks dat de uitruil niet geheel volgens de daarvoor geldende regels is geïmplementeerd, oordeelt het Hof dat de ET-regeling in de periode januari 2008 tot en met september 2008 realiteitswaarde heeft. X kan de ET-regeling ook over het eerste halfjaar van 2008 toepassen, aldus het Hof.<\/p>","noten":[{"annotator":"Ferhat Aksoy","werkzaambij":"Belastingdienst","tekstnoot":"<p>Deze noot heeft tevens betrekking op de gelijkluidende uitspraak van dezelfde datum met nummer 16\/03882 t\/m 16\/03885 (<a href=\"https:\/\/www.nlfiscaal.nl\/fiscanet\/fiscaal.nsf\/0\/2939D247C01082C6C125821E00372450?opendocument\">NLF 2018\/0397<\/a>).<\/p>\n<p><k2>Inleiding<\/k2><\/p>\n<p>In deze procedure is – naast de afdrachtvermindering onderwijs – in geschil de vraag of de vergoeding voor huisvestingskosten met terugwerkende kracht ten laste van het brutoloon kan worden gebracht. Het Hof oordeelt dat de ET-regeling in de periode januari 2008 tot en met september 2008 realiteitswaarde heeft, ondanks dat de uitruil niet geheel volgens de daarvoor geldende regels is geïmplementeerd. Om onderhavige zaak beter te kunnen begrijpen, zoom ik in op cafetariaregelingen en het genietingsmoment. Ik sluit af met mijn bevindingen.<\/p>\n<p><k2>Wat zijn cafetariaregelingen?<\/k2><\/p>\n<p>Cafetariaregelingen zijn regelingen op grond waarvan een werknemer een keuze kan maken met betrekking tot de vorm van de te genieten beloning. Het staat de werkgever en de werknemers in beginsel vrij om bij het aangaan en wijzigen van de arbeidsvoorwaarden de samenstelling van deze arbeidsvoorwaarden (waaronder begrepen de beloningsbestanddelen) optimaal af te stemmen op de wettelijke mogelijkheden.<voetnoot>Zie het besluit van 15 juli 2016, BLKB2016\/765M, <a href=\"https:\/\/www.nlfiscaal.nl\/fiscanet\/fiscaal.nsf\/0\/B36CDBF517F578A8C12582030030A23A?opendocument\">NLF 2018\/0056<\/a> en het besluit van 9 september 2010, DGB2010\/2733M in relatie tot cafetariaregelingen.<\/voetnoot><\/p>\n<p>Cafetariaregelingen voorzien in het algemeen in een ruil van belaste loonbestanddelen met andere loonbestanddelen die geheel of gedeeltelijk niet tot het loon in de zin van de Wet LB 1964 en het SV-loon behoren. De ruil van belaste loonbestanddelen betreft een bron, bijvoorbeeld (een gedeelte van) het brutoloon per maand, een eindejaarsuitkering en verder. In casu is de vergoeding van huisvestingskosten aan ET-werknemers (extraterritoriale werknemers) vrijgesteld en bestaat de mogelijkheid om deze uit te ruilen tegen het brutoloon per maand.<\/p>\n<p>De realiteitswaarde van een wijziging van de overeengekomen beloning behoeft in beginsel geen nadere beoordeling als het een toekomstgerichte wijziging is, die berust op een structurele regeling (zoals een cao) en indien, buiten de beoogde gevolgen voor de loonheffingen, sprake is van wezenlijke verschillen en gevolgen. Van belang is wél dat inkomensafhankelijke regelingen die gevolgen verbinden aan de keuzes in het kader van de cafetariaregeling consequent worden toegepast.<\/p>\n<p>Ten slotte geldt als voorwaarde dat de werkgever uiterlijk op het <em>genietingsmoment<\/em> de vergoeding betaalt of onvoorwaardelijk toezegt om te kunnen cafetariseren.<voetnoot>Besluit van 22 augustus 2007, CPP2007\/1465M (specifiek onderdeel 3).<\/voetnoot><\/p>\n<p><k2>Genietingsmoment<\/k2><\/p>\n<p>In artikel 13a Wet LB 1964 zijn bepalingen opgenomen waarmee het genietingsmoment is geregeld. Op grond van artikel 13a, lid 1, Wet LB 1964 wordt loon beschouwd als te zijn genoten op het tijdstip waarop het betaald of verrekend wordt, ter beschikking van de werknemer wordt gesteld of rentedragend wordt, dan wel vorderbaar en tevens inbaar wordt. Op grond van artikel 27 Wet LB 1964 dient de inhoudingsplichtige op het tijdstip waarop het loon genoten wordt de loonheffingen in te houden. Onder omstandigheden heeft belanghebbende het brutoloon over de maanden januari tot en met september 2008 feitelijk na inhouding van loonheffingen volledig uitbetaald zonder rekening te houden met eventuele ET-kosten en een uitruil.<\/p>\n<p><k2>Bevindingen<\/k2><\/p>\n<p>Het Hof acht de mogelijkheid die de cao biedt als een vaststaand feit voor toepassing van de ET-regeling. De kan-bepaling in de cao leidt in mijn optiek niet tot een onvoorwaardelijk recht of toezegging op een kostenvergoeding, als niet uit de loonadministratie blijkt dat belanghebbende per werknemer heeft vastgesteld\/toegezegd wat het recht is op de kostenvergoeding en op welke wijze de uitbetaling gaat plaatsvinden. Eveneens blijkt niet uit de casus dat met ingang van 1 januari 2008 regelingen waren getroffen op grond waarvan een werknemer zelf een keuze kon maken met betrekking tot de vorm van de te genieten beloning.<\/p>\n<p>Het is naar mijn mening onbegrijpelijk waarom het Hof van oordeel is dat de regeling van 1 januari 2008 tot en met september 2008 realiteitswaarde heeft, terwijl de toekenning van een kostenvergoeding en het bestaan van de cafetariaregeling tussen werknemers en belanghebbende met ingang van 1 januari 2008 uiterst twijfelachtig is. Het Hof lijkt hiervoor steun te vinden bij het feit dat de Inspecteur terugwerkende kracht tot 1 juli 2008 heeft geaccordeerd (zie een-na-laatste volzin van r.o. 4.13). Doordat de onderliggende feiten en toelichting ontbreken, is de conclusie die het Hof hieraan verbindt eveneens onbegrijpelijk.<\/p>\n<p>Om te kunnen cafetariseren moet sprake zijn van een onvoorwaardelijk recht of toezegging op een kostenvergoeding. Uit de vastgestelde feiten en omstandigheden blijkt niet dat het recht met ingang van 1 januari 2008 bestond, laat staan was toegezegd. Uit de feiten blijkt dat met ingang van oktober 2008 de huisvestingskosten zijn toegekend. Derhalve ben ik van mening dat per die datum gecafetariseerd kan worden, mits de werknemers daarmee hebben ingestemd.<\/p>\n<p>Een belangrijk ander aspect in deze casus is dat het Hof het genietingsmoment miskent. De werknemers hadden over de eerdere maanden voorafgaand aan oktober 2008 het loon al genoten. Op het moment van uitbetalen waren belanghebbende en de werknemers feitelijk op de hoogte van het genoten loon. Een gemaakte keuze (tussen werknemers en belanghebbende) voor in dit geval het feitelijk laten uitbetalen van het brutoloon kan in mijn optiek niet meer (gedeeltelijk) ongedaan gemaakt worden door achteraf een kostenvergoeding toe te kennen. Ik vraag me in dat kader af in hoeverre het rechtens juist is om over reeds genoten loon de vergoeding van huisvestingskosten met terugwerkende kracht in aftrek te brengen. Indien het Hof van mening is dat een cafetariaregeling door middel van correctieberichten (artikel 28a Wet LB 1964) over het gehele jaar 2008 kan worden toegepast – als in het jaar 2008 (bijvoorbeeld in oktober) hiertoe besloten wordt – miskent het Hof de genietingsmomenten van de reeds verstreken tijdvakken.<\/p>"}],"METADATA":{"RUBRIEKEN":[{"RUBRIEKI":"Loonbelasting"}],"instantie":"Hof Den Bosch","datum instantie":"2017-12-14T00:00:00+01:00","rolnummer":"16\/03874 t\/m 16\/03877","ecli":"ECLI:NL:GHSHE:2017:5651","NLF-nummer":"2018\/0369","JUDOREG":"NFB1283","Annotator":"Ferhat Aksoy","formele relaties":[{"instantie":"Rechtbank: ","ecli":"<a href=\"https:\/\/app.nlfiscaal.nl\/fiscanet\/fiscaal.nsf\/0\/C7DACFFD339B9DEDC1258082004D4E1F?opendocument\">ECLI:NL:RBZWB:2016:6377<\/a>"}],"wetsartikelen":["Artikel 28a Wet LB 1964","Artikel 14a WVA"]},"sharelink":"https:\/\/www.nlfiscaal.nl\/nlf2018\/0369","endpointbron":"https:\/\/app.nlfiscaal.nl\/fiscanet\/fiscaal.nsf\/jsonapp\/6294C9C47496A620C125821E003723A6?opendocument"}
