{"nlfnummer":"2018\/0365","kortkopje":"Via distributienetwerk genoten provisies belast in IB\/PVV en OB","unid":"7546BB76AB7E34DDC12582320068EA69","samenvatting":"<p>X (belanghebbende) verricht sinds 1 juni 2008 activiteiten voor H (bv), een zogenoemde Multi-Level Marketingorganisatie, waarbij diensten of producten verkocht worden door middel van een gelaagd systeem van vertegenwoordigers of distributeurs. X behaalt als zelfstandig distributeur inkomsten uit de in- en verkoop van H-producten (parfums en cosmeticaproducten). Daarnaast ontvangt zij – uit hoofde van zogenoemde directe en indirecte punten – provisies ter zake van inkoopklanten en subdistributeurs. Haar distributienetwerk bestond in de onderhavige jaren uit 21 levels met onder haar in totaal 1.649 zelfstandige subdistributeurs. X ontving per maand gemiddeld € 1.500 aan provisies. In dit bedrag is niet de omzet begrepen die zij genereerde met de verkoop van de H-producten.<\/p><br><p>Bij Hof Den Bosch is in hoger beroep in geschil of de provisies die X geniet op basis van haar directe en indirecte punten terecht zijn belast in de IB\/PVV (en Zvw) en de omzetbelasting. Niet in geschil is dat de opbrengsten die zij als distributeur (verkoopster van producten van H) geniet een bron van inkomen vormen en dus belast zijn voor zowel de IB\/PVV als de omzetbelasting.<\/p><br><p>Volgens Hof Den Bosch beoogde X met de betreffende activiteiten een voordeel te verwerven, dit voordeel was gelet op haar inspanningen ook redelijkerwijs te verwachten en ze nam deel aan het economische verkeer. Er is sprake van een bron van inkomen. Voorts is voldaan aan de vereisten van winst uit onderneming. De opbrengsten van zowel de eigen verkoop als die ter zake van de subdistributeurs zijn volgens het Hof terecht in de heffing van de IB\/PVV betrokken. Omkering en verzwaring van de bewijslast is voor het jaar 2008 niet aan de orde, voor de jaren 2009 tot en met 2011 wel. De (navorderings)aanslagen zijn voor alle jaren niet te hoog vastgesteld. De provisies zijn volgens het Hof voorts terecht belast met omzetbelasting. Ook al zou, zoals X stelt, de Inspecteur Haaglanden hierover een ander standpunt hebben ingenomen in een vergelijkbaar geval, dan betreft dit een onjuist standpunt in een incidenteel geval, zodat X zich ter zake niet op het gelijkheids- of vertrouwensbeginsel kan beroepen.<\/p><br><p>Het Hof acht de door de Rechtbank Zeeland-West-Brabant nader vastgestelde boetes in de omstandigheden van dit geval passend en geboden.<\/p>","METADATA":{"RUBRIEKEN":[{"RUBRIEKI":"Inkomstenbelasting"},{"RUBRIEKII":"Omzetbelasting"}],"instantie":"Hof Den Bosch","datum instantie":"2018-01-19T00:00:00+01:00","rolnummer":"16\/03629 t\/m 16\/03638","ecli":"ECLI:NL:GHSHE:2018:201","NLF-nummer":"2018\/0365","formele relaties":[{"instantie":"Rechtbank: ","ecli":"<a href=\"https:\/\/app.nlfiscaal.nl\/fiscanet\/fiscaal.nsf\/0\/CB9551129A76261FC125803B0026B0BA?opendocument\">ECLI:NL:RBZWB:2016:3774<\/a>"}],"wetsartikelen":["Artikel 27e AWR","Artikel 3.2 Wet IB 2001"],"NFLT-termen":["Winst","Winst uit onderneming"]},"sharelink":"https:\/\/www.nlfiscaal.nl\/nlf2018\/0365","endpointbron":"https:\/\/app.nlfiscaal.nl\/fiscanet\/fiscaal.nsf\/jsonapp\/1A421C46DCBD5E98C125822F00373435?opendocument"}
