{"nlfnummer":"2018\/0371","kortkopje":"Werkkostenregeling niet voor bonusaandelen","unid":"75C6E11B8DCED50CC125822300449A01","samenvatting":"<p>Werkgevers kunnen in beginsel door toepassing van de per 1 januari 2011 ingevoerde werkkostenregeling een percentage (in 2012: 1,4%, in 2013: 1,5%) van het totale fiscale loon van het bedrijf besteden aan onbelaste vergoedingen en verstrekkingen aan de werknemers.<\/p><br><p>In het kader van een aandelenplan heeft X (bv; belanghebbende) in 2012 en 2013 bonusaandelen toegekend aan leden van de Groepsraad met een totale nettowaarde van € 429.856 (2012) en € 76.010 (2013). De Inspecteur heeft hierover loonheffing nageheven.<\/p><br><p>Hof Amsterdam oordeelt dat de werkkostenregeling niet is bedoeld om een onbeperkte verruiming ten opzichte van het voor 1 januari 2011 geldende regime voor van loonheffing vrijgestelde vergoedingen en verstrekkingen te creëren. Ook in de werkkostenregeling dient het loonbegrip te worden uitgelegd rekening houdende met de naar algemene maatschappelijke opvatting gebruikelijke normen voor het al dan niet aanmerken van een vergoeding en\/of verstrekking als belast of vrijgesteld loon. De regeling dient niet zo te worden uitgelegd dat zij ruimte biedt voor oneigenlijk gebruik in die zin dat vergoedingen en verstrekkingen die naar die opvattingen geen zuiver zakelijk karakter hebben en evenmin een gemengd karakter hebben (‘zwak loon’ vormen) onder de regeling worden gebracht.<\/p><br><p>Het Hof oordeelt dat in het licht van de werkkostenregeling de toekenning van een in aantal en in waarde omvangrijk pakket bonusaandelen aan een selecte groep werknemers, namelijk leden van de Groepsraad, naar algemene maatschappelijke opvatting ongebruikelijk is. De toekenning van de bonusaandelen heeft geen zuiver zakelijk karakter en heeft evenmin een gemengd karakter. De toekenning hoort volgens het Hof dan ook niet onder de reikwijdte van de werkkostenregeling te vallen. De naheffingsaanslag blijft gehandhaafd.<\/p>","noten":[{"annotator":"Frank Werger","werkzaambij":"Deloitte","tekstnoot":"<p>Onderhavige casus is de eerste waarbij de rechterlijke macht een oordeel moet geven over de inhoud van de gebruikelijkheidstoets voor de toepassing van de werkkostenregeling (WKR). Rechtbank Noord-Holland had op 14 september 2016<voetnoot>Rechtbank Noord-Holland 14 september 2016, 14\/2600 en 15\/2207, <a href=\"https:\/\/www.nlfiscaal.nl\/fiscanet\/fiscaal.nsf\/0\/AFC09366110B3023C125803700423FBA?opendocument\">ECLI:NL:RBNHO:2016:7585<\/a>, <a href=\"https:\/\/www.nlfiscaal.nl\/fiscanet\/fiscaal.nsf\/0\/AFC09366110B3023C125803700423FBA?opendocument\">NLF 2016\/0429<\/a>.<\/voetnoot> in onderhavige casus geoordeeld dat het aanwijzen van de waarde van de aandelen als eindheffingsloon geoorloofd was en veegde de argumenten van de Belastingdienst in niet mis te verstane bewoordingen van tafel.<\/p>\n<p><k2>Uitgangspunten werkkostenregeling volgens Hof Amsterdam<\/k2><\/p>\n<p>Hof Amsterdam komt echter tot een tegenovergesteld oordeel. Het Hof leidt uit de parlementaire geschiedenis de volgende uitgangspunten af ter zake van de toepassing van de WKR (r.o. 5.8):<\/p>\n<ol>\n<li>De WKR wijkt in de basis niet af van de oude systematiek neergelegd in het vervallen Hoofdstuk IIA Wet LB 1964. Ook onder de WKR dient het loonbegrip te worden uitgelegd rekening houdende met de naar algemene maatschappelijke opvatting gebruikelijke normen ter zake van het al dan niet aanmerken van een vergoeding\/verstrekking als belast hetzij vrijgesteld loon.<\/li>\n<li>De WKR is niet bedoeld om een verruiming binnen het spectrum van de voor 2011 vrijgestelde vergoedingen en verstrekkingen te creëren, maar is bedoeld om de administratieve lasten van de werkgever te doen verminderen, dit met de totstandbrenging van een zogenoemde vrije ruimte. Deze regeling dient dan ook niet aldus te worden uitgelegd dat zij ruimte biedt voor oneigenlijk gebruik in die zin dat vergoedingen en verstrekkingen die naar algemene maatschappelijke opvattingen geen zuiver zakelijk karakter hebben en evenmin een gemengd karakter hebben onder de regeling worden gebracht.<\/li>\n<li>De WKR is van oudsher vormgegeven als een tegemoetkoming voor kosten door de werkgever gemaakt ten behoeve van diens werknemer in het kader van het dienstverband. De gemene deler van alle vergoedingen en verstrekkingen die onder de reikwijdte van artikel 31 Wet LB 1964 ressorteren is en blijft evenwel dat het beloningsbestanddelen betreffen die nochtans passen binnen de oorspronkelijke gedachte van de WKR, in die zin dat zij een acceptabele omvang behelzen en het derhalve naar algemene maatschappelijke opvattingen aanvaardbaar is om die deels of geheel van loonheffing vrij te stellen c.q. tegen een lager tarief te belasten.<\/li>\n<\/ol>\n<p><k2>Uitgangspunten Hof volgen niet uit wet, wetssystematiek of parlementaire geschiedenis<\/k2><\/p>\n<p>Deze punten volgen maar mijn mening niet uit de wettekst, de systematiek van de wet en evenmin uit de parlementaire geschiedenis. Daarbij leiden ze tot een wel erg vrije vertaling van het gebruikelijkheidscriterium. En dat is het enige wat het Hof naar mijn mening diende te toetsen: is het gebruikelijk dat deze werkgever in de gegeven omstandigheden een loonbestanddeel als dit volledig als eindheffingsloon heeft aangewezen? De motivering van het Hof hierbij rammelt en al daarom zou deze uitspraak naar mijn idee niet bij de Hoge Raad in stand kunnen blijven. Het Hof gebruikt voor zijn oordeel dat de gebruikelijkheidstoets niet wordt doorstaan een naar mijn oordeel onjuiste toets. Zo oordeelt het Hof:<\/p>\n<p> <\/p>\n<p>‘Verder is bij alle werknemers sprake van zogenoemd zuiver beloningsloon: de toekenning van de aandelen dient niet ter vergoeding van werkkosten die door de werknemer daadwerkelijk zijn gemaakt, en is daarom niet, ook niet gedeeltelijk, zakelijk van aard.’<\/p>\n<p> <\/p>\n<p>Dat de gebruikelijkheidstoets het oog heeft op ‘zuiver beloningsloon’ (wat dat ook moge zijn) lees ik nergens in de wet, past niet in het karakter van de WKR en volgt naar mijn mening ook niet uit de parlementaire geschiedenis. In de parlementaire geschiedenis<voetnoot>Kamerstukken II 2009\/10, 32 130, 3, p. 64.<\/voetnoot> is immers expliciet opgemerkt dat het onderscheid naar mate van zakelijkheid en beloning met de nieuwe systematiek vervalt. Dit had nu juist de vereenvoudigingswinst van de WKR moeten zijn: werkgevers hoeven zich niet meer af te vragen of vergoedingen en verstrekkingen in het kader van de dienstbetrekking tot het loon behoren en evenmin of van ‘zwak loon’ of iets anders sprake is. Ook de kennelijke gedachte van het Hof dat het doel van de werkkostenregeling is om loon ‘vrij te stellen’ dan wel ‘laag te belasten’ strookt niet met de achtergrond van deze als vereenvoudiging bedoelde maatregel.<\/p>\n<p>Ik ontkom niet aan de indruk dat het Hof hier een doelredenering heeft gevolgd om tot een voor het Hof wenselijke uitkomst te kunnen komen. Daarbij is het Hof afgedwaald van de wet en heeft het de vereenvoudigingsdoelstellingen van de WKR uit het oog verloren. Het laatste woord is over deze zaak dan ook zeker nog niet gezegd; ik heb begrepen dat belanghebbende in cassatie is gegaan, zodat de Hoge Raad over deze zaak nog zal moeten oordelen. En ik sluit bepaald niet uit dat er verwijzing zal volgen, om een ander Hof opdracht te geven het huiswerk nog eens – maar nu goed – over te doen.<\/p>"}],"METADATA":{"RUBRIEKEN":[{"RUBRIEKI":"Loonbelasting"}],"instantie":"Hof Amsterdam","datum instantie":"2018-01-25T00:00:00+01:00","rolnummer":"16\/00421 en 16\/00422","ecli":"ECLI:NL:GHAMS:2018:169","NLF-nummer":"2018\/0371","JUDOREG":"NFB1285","Annotator":"Frank Werger","formele relaties":[{"instantie":"Rechtbank: ","ecli":"<a href=\"https:\/\/app.nlfiscaal.nl\/fiscanet\/fiscaal.nsf\/0\/77C5E94F11D0FEF1C125803700423E2B?opendocument\">ECLI:NL:RBNHO:2016:7583<\/a>"}],"wetsartikelen":["Artikel 31 lid 1 onderdeel f Wet LB 1964"],"NFLT-termen":["Werkkostenregeling (premie-inkomen vv)"]},"sharelink":"https:\/\/www.nlfiscaal.nl\/nlf2018\/0371","endpointbron":"https:\/\/app.nlfiscaal.nl\/fiscanet\/fiscaal.nsf\/jsonapp\/9AA8FAA554122CCFC125822100422EDD?opendocument"}
