{"nlfnummer":"2018\/0370","kortkopje":"Afdrachtvermindering onderwijs; beroepspraktijkvorming; geen diploma","unid":"82B79854A516C037C125821E00723907","samenvatting":"<p>X (bv; belanghebbende) verricht activiteiten op facilitair gebied ten behoeve van andere vennootschappen en ondernemingen, waarmee zij al dan niet in een groep is verbonden. X heeft afdrachtvermindering onderwijs toegepast voor kantoorpersoneel dat was ingeschreven voor de opleiding Sociaal Juridisch Medewerker Arbeidsvoorziening en Personeelswerk (hierna: SJM-opleiding). De opleiding is geregistreerd in het Centraal Register Beroepsopleidingen (hierna: Crebo). Uitgangspunt van de opleiding is praktijkopleiding op de werkvloer. X is erkend als leerbedrijf voor opleidingen als deze. Geen enkele deelnemer heeft de SJM-opleiding afgerond met een erkend diploma of certificaat; de opleiding was niet gericht op het behalen van een diploma of certificaat.<\/p><br><p>De Inspecteur stelt dat X geen recht heeft op de afdrachtvermindering en heeft de daarmee bespaarde loonheffing bij X nageheven.<\/p><br><p>In geschil is of X recht heeft op afdrachtvermindering ter zake van de door de deelnemers gevolgde SJM-opleiding.<\/p><br><p>Anders dan de Inspecteur meent, is volgens Hof Den Bosch niet vereist dat de volledige SJM-opleiding, noch de volledige beroepspraktijkvorming behorende bij een volledige beroepsopleiding, moet zijn gevolgd. Het Hof verwijst hierbij naar de arresten HR 15 januari 2016, 15\/00350, <a href=\"\/fiscanet\/fiscaal.nsf\/0\/21316DE1819F12D7C1257F3B003AF2DE?opendocument\">ECLI:NL:HR:2016:38<\/a>, HR 22 september 2017, 16\/03857, <a href=\"\/fiscanet\/fiscaal.nsf\/0\/D2FF21C8D4A685C6C12581A30031B9C7?opendocument\">ECLI:NL:HR:2017:2436<\/a>, <a href=\"\/fiscanet\/fiscaal.nsf\/0\/D2FF21C8D4A685C6C12581A30031B9C7?opendocument\">NLF 2017\/2334<\/a>, met noot van Aksoy en HR 20 oktober 2017, 17\/00516, <a href=\"\/fiscanet\/fiscaal.nsf\/0\/45AA974923857EF7C12581BF0031D2B7?opendocument\">ECLI:NL:HR:2017:2658<\/a>, <a href=\"\/fiscanet\/fiscaal.nsf\/0\/45AA974923857EF7C12581BF0031D2B7?opendocument\">NLF 2017\/2499<\/a>.<\/p><br><p>Aangezien vaststaat dat aan de deelnemers geen diploma’s of certificaten zijn uitgereikt, ziet het Hof zich op grond van de jurisprudentie van de Hoge Raad voor de vraag gesteld of de desbetreffende deelnemers daadwerkelijk de beroepspraktijkvorming hebben gevolgd. De bewijslast ter zake rust op X. Zij is hierin geslaagd, aldus het Hof.<\/p><br><p>Niet de volledige naheffingsaanslagen worden vernietigd. Voor veertig deelnemers is de afdrachtvermindering ten onrechte toegepast. Ten aanzien van deze deelnemers is niet voldaan aan de eis dat een afschrift van de praktijkovereenkomst beroepsbegeleidende leerweg (POK) is bewaard bij de loonadministratie. In zoverre heeft de Inspecteur terecht loonheffing nageheven. Voorts heeft X over 2010 als gevolg van een automatiseringsfout ten onrechte € 5.599 geclaimd aan afdrachtvermindering. De naheffingsaanslagen zijn voor een bedrag van € 140.888 terecht opgelegd.<\/p>","noten":[{"annotator":"Ferhat Aksoy","werkzaambij":"Belastingdienst","tekstnoot":"<p>Het einde van de Wva-procedures voor de BBL-opleidingen is in zicht als ook de laatste rechtsvraag is beantwoord. In mijn noot in <a href=\"https:\/\/www.nlfiscaal.nl\/fiscanet\/fiscaal.nsf\/0\/D2FF21C8D4A685C6C12581A30031B9C7?opendocument\">NLF 2017\/2334<\/a><voetnoot>HR 22 september 2017, 16\/03857, <a href=\"https:\/\/www.nlfiscaal.nl\/fiscanet\/fiscaal.nsf\/0\/D2FF21C8D4A685C6C12581A30031B9C7?opendocument\"><a href=\"\/fiscanet\/fiscaal.nsf\/0\/D2FF21C8D4A685C6C12581A30031B9C7?opendocument\"><a href=\"\/fiscanet\/fiscaal.nsf\/0\/D2FF21C8D4A685C6C12581A30031B9C7?opendocument\">ECLI:NL:HR:2017:2436<\/a><\/a><\/a>, <a href=\"https:\/\/www.nlfiscaal.nl\/fiscanet\/fiscaal.nsf\/0\/D2FF21C8D4A685C6C12581A30031B9C7?opendocument\"><a href=\"\/fiscanet\/fiscaal.nsf\/0\/D2FF21C8D4A685C6C12581A30031B9C7?opendocument\">NLF 2017\/2334<\/a><\/a>.<\/voetnoot> heb ik aangegeven dat er nog twee rechtsvragen onbeantwoord zijn.<\/p>\n<p><k2>De een-na-laatste rechtsvraag<\/k2><\/p>\n<p>In de tussentijd is de vraag beantwoord of bij deeltrajecten de beroepspraktijkvorming (bpv) van de deelkwalificatie of van de volledige beroepsopleiding moet worden gevolgd. In het arrest van 20 oktober 2017<voetnoot>HR 20 oktober 2017, 17\/00516, <a href=\"https:\/\/www.nlfiscaal.nl\/fiscanet\/fiscaal.nsf\/0\/45AA974923857EF7C12581BF0031D2B7?opendocument\"><a href=\"\/fiscanet\/fiscaal.nsf\/0\/45AA974923857EF7C12581BF0031D2B7?opendocument\"><a href=\"\/fiscanet\/fiscaal.nsf\/0\/45AA974923857EF7C12581BF0031D2B7?opendocument\">ECLI:NL:HR:2017:2658<\/a><\/a><\/a>, <a href=\"https:\/\/www.nlfiscaal.nl\/fiscanet\/fiscaal.nsf\/0\/45AA974923857EF7C12581BF0031D2B7?opendocument\"><a href=\"\/fiscanet\/fiscaal.nsf\/0\/45AA974923857EF7C12581BF0031D2B7?opendocument\">NLF 2017\/2499<\/a><\/a>.<\/voetnoot> heeft de Hoge Raad de Inspecteur in het ongelijk gesteld in de sprongcassatieprocedure tegen de uitspraak van Rechtbank Den Haag<em><strong>.<\/strong> <\/em>De Hoge Raad heeft onder verwijzing naar het arrest van 15 januari 2016<voetnoot>HR 15 januari 2016, 15\/00350, <a href=\"https:\/\/www.nlfiscaal.nl\/fiscanet\/fiscaal.nsf\/0\/21316DE1819F12D7C1257F3B003AF2DE?opendocument\"><a href=\"\/fiscanet\/fiscaal.nsf\/0\/21316DE1819F12D7C1257F3B003AF2DE?opendocument\"><a href=\"\/fiscanet\/fiscaal.nsf\/0\/21316DE1819F12D7C1257F3B003AF2DE?opendocument\">ECLI:NL:HR:2016:38<\/a><\/a><\/a>.<\/voetnoot> geoordeeld dat niet alle bpv van de volledige opleiding moeten zijn gevolgd. Volgens de Hoge Raad was het voldoende dat de bpv conform de POK was gevolgd. Belanghebbende had voor zijn werknemers een POK afgesloten voor twee deelkwalificaties van de Crebo-opleiding. Dat de bpv’s van deze twee deelkwalificaties waren gevolgd was niet in geschil.<\/p>\n<p><k2>De laatste rechtsvraag<\/k2><\/p>\n<p>Resteert de vraag of een deel van de bpv van de beroepsopleiding volstaat, terwijl de volledige opleiding is afgesproken en voor bpv van de volledige opleiding is geclaimd. Deze rechtsvraag is aan de orde in de onderhavige zaak van Hof Den Bosch van 14 december 2017. Bij belanghebbende gaat het voornamelijk om Poolse uitzendkrachten, die een fulltime opleiding zouden hebben gevolgd. Op de POK staat dat ingeschreven wordt voor een volledige opleiding, zoals de AKA (Arbeidsmarktgekwalificeerd Assistent), maar ook LM (Logistiek Medewerker) en SVO (Speciaal Voortgezet Onderwijs voor voedsel) is gevolgd. Daarnaast heeft belanghebbende een kleine groep medewerkers die een opleiding SJM (Sociaal Juridisch Medewerker) volgen.<\/p>\n<p>Het programma van de opleiding is voornamelijk bedoeld om de Poolse medewerkers een betere basis te geven in Nederland. Er is sprake van kennismaken met Nederland, de Nederlandse taal en cultuur en een scholing in Nederlands als tweede taal. De POK en de OOK wekken onder omstandigheden de schijn dat werknemers van belanghebbende een volledige opleiding gaan volgen, terwijl zij in feite een fractie van de opleiding c.q. enkele elementen hebben gevolgd. Het programma bestaat slechts deels uit elementen van de Crebo-opleiding.<\/p>\n<p>Volgens het Hof blijkt er aansluiting te zijn tussen de aangeleverde stukken en het opleidingsprogramma respectievelijk de studiewijzer en handleiding. De gevolgde bpv vormt onderdeel van de opleiding. Hierdoor komt volgens het Hof voldoende vast te staan dat de deelnemers daadwerkelijk de bpv hebben gevolgd die behoort tot een van de opleidingen.<\/p>\n<p>In de onderhavige zaak hebben partijen een POK gesloten voor een volledige diplomagerichte (en competentiegerichte) opleiding, met een Crebo-code ‘90’. Deze opleidingen kennen geen deelkwalificaties. Voor mij is het onbegrijpelijk dat het Hof, zonder dat sprake is van certificaten\/diploma’s, aannemelijk acht dat daadwerkelijk de bpv van de overeengekomen opleiding is gevolgd. Bezien in het licht van de wet, het arrest van de Hoge Raad van 20 oktober 2017 en eerdere arresten is de uitspraak van het Hof onbegrijpelijk en onvoldoende gemotiveerd. <\/p>\n<p>Wat betreft de looptijd, studiebelasting en klokuren voor de bpv is in casu de volledige opleiding afgesproken in de POK. Echter, het overgrote deel van de bpv van de volledige beroepsopleiding is niet uitgevoerd, zelfs niet geprogrammeerd. Daardoor heeft belanghebbende naar mijn mening, anders dan het oordeel van het Hof, niet aan zijn bewijslast voldaan dat de totale bpv krachtens de POK daadwerkelijk is gevolgd.<\/p>\n<p>Nu de daadwerkelijk gevolgde bpv van het traject van belanghebbende slechts een klein onderdeel van de totale bpv vormt die op grond van de POK en het wettelijke onderwijsprogramma van deze beroepsopleiding zou moeten zijn gevolgd, brengt een redelijke verdeling van de bewijslast dan met zich mee dat belanghebbende aannemelijk moet maken dat de bpv van het overgrote deel van de beroepsopleiding, waarvoor geen certificaten zijn afgegeven, is gevolgd.<\/p>\n<p><k2>Conclusie<\/k2><\/p>\n<p>Ik acht het niet aannemelijk dat de bpv van de opleidingen is gevolgd aan de hand van de geringe opdrachten die de deelnemers van belanghebbende hebben gemaakt in het kader van reisjes naar Amsterdam en Madurodam. Naar mijn mening heeft het Hof de feiten in het licht van de wet- en regelgeving niet helemaal juist uitgelegd. Naar mijn verwachting zal de Hoge Raad de zaak verwijzen, zodat het verwijzingshof de feiten opnieuw kan beoordelen.<\/p>"}],"METADATA":{"RUBRIEKEN":[{"RUBRIEKI":"Loonbelasting"}],"instantie":"Hof Den Bosch","datum instantie":"2017-12-14T00:00:00+01:00","rolnummer":"16\/03878 t\/m 16\/03881","ecli":"ECLI:NL:GHSHE:2017:5652","NLF-nummer":"2018\/0370","JUDOREG":"NFB1284","Annotator":"Ferhat Aksoy","formele relaties":[{"instantie":"Rechtbank: ","ecli":"<a href=\"https:\/\/app.nlfiscaal.nl\/fiscanet\/fiscaal.nsf\/0\/5BECEA4643AE6D9DC1258082004D4DC2?opendocument\">ECLI:NL:RBZWB:2016:6378<\/a>"}],"wetsartikelen":["Artikel 14 WVA"]},"sharelink":"https:\/\/www.nlfiscaal.nl\/nlf2018\/0370","endpointbron":"https:\/\/app.nlfiscaal.nl\/fiscanet\/fiscaal.nsf\/jsonapp\/B8C0974A9618E64EC125821E0037230B?opendocument"}
