{"nlfnummer":"2018\/0372","kortkopje":"Aftrek voorbelasting t.a.v. vooruitbetaling; zekerheid omtrent levering","unid":"8ACBA1CAA4E71531C1258225006D7BA1","samenvatting":"<p>Twee verschillende kamers van het Bundesfinanzhof (hoogste federale rechter in belastingzaken in Duitsland) hebben aan het HvJ gevraagd op welke wijze in het kader van artikel 65 Btw-richtlijn moet worden bepaald of, in een geval waarin de leverancier frauduleus handelt, het onzeker was dat vooruitbetaalde goederen zouden worden geleverd. De verwijzende rechter wenst in het bijzonder te vernemen of, in het geval de goederen vanwege dergelijke fraude uiteindelijk niet worden geleverd, de belastingplichtige ten aanzien van de betaalde btw een recht op aftrek heeft. De verwijzende rechter verzoekt het HvJ ook om de rechtsgevolgen ten aanzien van de herziening van de aftrek en teruggaaf door de belastingdienst te verduidelijken.<\/p><br><p>Volgens A-G Wahl mag het recht op aftrek niet geweigerd worden aan een belastingplichtige die een vooruitbetaling heeft gedaan, indien hij niet wist en ook niet kon weten dat de leverancier niet de bedoeling had om de leveringsovereenkomst na te leven. Het enkele feit dat de leveringsdatum niet in de overeenkomst was opgenomen heeft niet tot gevolg dat voor de toepassing van artikel 65 Btw-richtlijn de uitvoering van de overeenkomst als onzeker moet worden aangemerkt.<\/p><br><p>Artikel 184 tot en met 186 Btw-richtlijn verzetten zich volgens de A-G niet tegen een nationale wettelijke regeling die, in omstandigheden als aan de orde in de betreffende hoofdgedingen, een herziening van de aftrek vereist en deze afhankelijk stelt van de terugbetaling van de vooruitbetaling.<\/p>","noten":[{"annotator":"Wouter Blokland","werkzaambij":"Vrije Universiteit","tekstnoot":"<p>In Duitsland is een criminele organisatie actief geweest met het aftroggelen van voorschotten voor de levering van blokverwarmingscentrales met buitengewoon hoog rendement.<voetnoot>Zie http:\/\/www.faz.net\/frankfurter-allgemeine-zeitung\/wirtschaft\/erneuerbare-energie-grosser-betrug-mit-kleinen-kraftwerken-1606244.html.<\/voetnoot> Alsof de oplichting niet erg genoeg voor hen was, heeft de Duitse fiscus de slachtoffers de aftrek geweigerd van de ter zake van de voorschotten gefactureerde btw, juist omdat de centrales niet zijn geleverd. Twee senaten van het Bundesfinanzhof achten nadere uitleg van EU-recht nodig voor de beslechting van het geschil dat hieruit is ontstaan. Opmerkelijk is de openlijke onenigheid die uit de twee verwijzingsbeslissingen blijkt.<voetnoot>De verwijzingsuitspraken zijn te vinden via www.minbuza.nl\/ecer.<\/voetnoot><\/p>\n<p>A-G Wahl concludeert dat de ter zake van de voorschotten gefactureerde btw aftrekbaar is op grond van artikel 65 Btw-richtlijn en het arrest FIRIN<voetnoot>HvJ 13 maart 2014, C-107\/13, ECLI:EU:C:2014:151.<\/voetnoot>; hij acht sprake van vooruitbetalingen, omdat vanuit het perspectief van de afnemers de levering van de blokverwarmingscentrales niet onzeker was. Voorts acht hij het niet herzien van de aftrek zolang de voorschotten niet zijn terugontvangen, in overeenstemming met de Btw-richtlijn. Hij vindt de situatie vergelijkbaar met diefstal. Daarbij volgt in beginsel ook geen herziening.<voetnoot>Zie artikel 185, lid 2, Btw-richtlijn.<\/voetnoot><\/p>\n<p>De conclusie van de A-G overtuigt niet en het zou mij verbazen als het HvJ er onverkort in meegaat. Met name het toepassen van artikel 65 Btw-richtlijn op vooruitbetalingen is merkwaardig. De bedoeling van deze bepaling is het vervroegen van het moment van verschuldigdheid voor een (toekomstig) belastbaar feit. Dat is echter zinloos als de belastingschuldige al weet dat hij niet gaat presteren, zoals i.c. het geval is geweest. Juister is dan de verschuldigdheid van btw bij de oplichters te baseren op artikel 203 Btw-richtlijn, vanwege het ten onrechte vermelden ervan op facturen (vgl. artikel 37 Wet OB 1968). Daarvan uitgaande is de eigenlijke vraag dus of de ontvangers van de facturen de daarop ten onrechte vermelde btw in de voorliggende omstandigheden toch mogen aftrekken of, zo niet, dat zij die anderszins kunnen terugkrijgen van de fiscus. Verhaal op de oplichters zal wel een illusie zijn.<\/p>\n<p>Voor aftrek zou een uitzondering moeten worden gecreëerd op de rechtsregel dat ten onrechte gefactureerde btw niet aftrekbaar is. Daarvoor kan pleiten dat het afwijzen van aftrek in een situatie als hier aan de orde een extra risico impliceert bij het doen van vooruitbetalingen. Dat kan onwenselijk worden gevonden voor het ongestoorde verloop van het handelsverkeer. Verder, maar dat is nogal subjectief, kan het weigeren van aftrek aan slachtoffers van oplichting onrechtvaardig worden gevonden. Daar staat echter tegenover dat het toestaan van aftrek schade voor de schatkist kan meebrengen, namelijk als oplichters de gefactureerde btw niet hebben voldaan. En waarom zou een opgelichte ondernemer het btw-deel van zijn schade op de samenleving mogen afwentelen, terwijl een opgelichte particulier dat niet kan?<\/p>\n<p>Als aftrek niet mogelijk is, rijst de vraag of de slachtoffers buiten de oplichters om de door de laatsten voldane btw (rechtstreeks) van de fiscus kunnen terugkrijgen in het kader van een herzieningsprocedure voor ten onrechte gefactureerde btw. Voorwaarde voor dit alternatief is dat de oplichters nog wel zo netjes zijn geweest de ten onrechte gefactureerde btw te voldoen. Voor als dat het geval mocht blijken, heeft één senaat van het Bundesfinanzhof de extra prejudiciële vraag gesteld of bedoelde herziening buiten de oplichters om mogelijk is. De A-G doet hier – zijns inziens ten overvloede – nogal ingewikkeld over, terwijl volgens mij sprake is van een acte éclairé: het kan, op grond van de beginselen van fiscale neutraliteit, doeltreffendheid en evenredigheid, als het terugvorderen van de btw bij de criminelen voor de slachtoffers onmogelijk of uiterst moeilijk wordt. Zie het arrest Tibor Farkas.<voetnoot>HvJ 26 april 2017, C-564\/15, <a href=\"https:\/\/www.nlfiscaal.nl\/fiscanet\/fiscaal.nsf\/0\/C2EF6FC9D073B71DC125810E0046B55B?opendocument\">ECLI:EU:C:2017:302<\/a>, <a href=\"https:\/\/www.nlfiscaal.nl\/fiscanet\/fiscaal.nsf\/0\/C2EF6FC9D073B71DC125810E0046B55B?opendocument\">NLF 2017\/1159<\/a>, met noot van Terra, r.o. 57.<\/voetnoot><\/p>\n<p>Op grond van beleid van de staatssecretaris van Financiën zou in Nederland ten slotte aftrekweigering niet voor de hand hebben gelegen.<voetnoot>Zie onderdeel 3.5.2. van het besluit van 6 december 2014, ‘Omzetbelasting. Administratieve-, facturerings- en andere verplichtingen’, BLKB2014\/704M.<\/voetnoot><\/p>"}],"METADATA":{"RUBRIEKEN":[{"RUBRIEKI":"Omzetbelasting"}],"instantie":"A-G HvJ","datum instantie":"2018-01-30T00:00:00+01:00","rolnummer":"C‑660\/16 en C‑661\/16","ecli":"ECLI:EU:C:2018:45","NLF-nummer":"2018\/0372","JUDOREG":"NFB1286","Annotator":"Wouter Blokland","wetsartikelen":["Art 65 Btw-richtlijn","Art 184 Btw-richtlijn","Art 185 Btw-richtlijn","Art 186 Btw-richtlijn"]},"sharelink":"https:\/\/www.nlfiscaal.nl\/nlf2018\/0372","endpointbron":"https:\/\/app.nlfiscaal.nl\/fiscanet\/fiscaal.nsf\/jsonapp\/D8FA8E5A49E67835C12582250041FD36?opendocument"}
