{"nlfnummer":"2018\/0367","kortkopje":"Revisierente geen individuele en buitensporige last","unid":"90C76ED51238E7F6C12582230066EAC0","samenvatting":"<p>X (belanghebbende) heeft in het jaar 2012 twee lijfrenteverzekeringen afgekocht. De afkoopsommen bedragen in totaal € 99.202. Ter zake van de afkoop van de lijfrenteverzekeringen is revisierente in rekening gebracht.<\/p><br><p>Hof Den Haag heeft het betoog van X dat de revisierente voor hem een individuele en buitensporige last vormt in de zin van artikel 1 Eerste Protocol bij het EVRM afgewezen omdat geen feiten of omstandigheden zijn gesteld op grond waarvan aannemelijk kan worden geacht dat hem de in rekening gebrachte revisierente zwaarder treft dan anderen. Het Hof heeft zijn stelling dat hij in een nadeligere positie wordt geplaatst dan langdurig arbeidsongeschikten die met toepassing van artikel 3.133, lid 9, Wet IB 2001 aanspraken afkopen, onbehandeld gelaten omdat in 2012, ten tijde van de afkoop, voornoemde bepaling nog niet in de wet was opgenomen.<\/p><br><p>Het geschil in cassatie betreft de vraag of bij X sprake is van een individuele en buitensporige last ten gevolge van het in rekening brengen van revisierente op grond van artikel 30i AWR.<\/p><br><p>A-G Niessen meent dat de heffing van revisierente gelet op de doelstelling van de wetgever om te voorkomen dat in strijd met de voorwaarden voor premieaftrek wordt gehandeld, het bewaren van het onderhoudskarakter van de lijfrentevoorziening en het door de wetgever gehuldigde uitgangspunt dat een belastingplichtige die een lijfrente met premieaftrek afkoopt niet beter af mag zijn dan een belastingplichtige die uit zijn netto-inkomen spaart en onder het forfaitaire rendement valt, niet van elke redelijke grond ontbloot is. De omstandigheid dat X door het verlies van inkomen door de financiële crisis en ziekte zich gedrongen voelde over te gaan tot de afkoop van lijfrente, rechtvaardigt niet de conclusie dat hij door de in rekening gebrachte revisierente zwaarder is getroffen dan anderen.<\/p><br><p>X klaagt in cassatie verder over het feit dat het Hof hem ten onrechte niet heeft gevrijwaard van de premie volksverzekeringen over de afkoopsom, terwijl hij na zijn pensionering geen premie volksverzekeringen zou zijn verschuldigd. De A-G concludeert dat ook deze klacht faalt omdat X door zijn handelen niet langer in aanmerking komt voor het door de wetgever voor oudedagsvoorzieningen verleende belastinguitstel en hij niet in dezelfde positie verkeert als diegenen bij wie de lijfrentetermijnen tot uitkering komen.<\/p><br><p>Volgens de A-G zijn alle door X aangevoerde middelen ongegrond.<\/p>","METADATA":{"RUBRIEKEN":[{"RUBRIEKI":"Inkomstenbelasting"},{"RUBRIEKII":"Formeel belastingrecht"}],"instantie":"A-G","datum instantie":"2017-12-22T00:00:00+01:00","rolnummer":"17\/02950","ecli":"ECLI:NL:PHR:2017:1462","NLF-nummer":"2018\/0367","Annotator":"Eddo Hageman","formele relaties":[{"instantie":"Rechtbank: ","ecli":"niet gepubliceerd"},{"instantie":"Hof: ","ecli":"<a href=\"https:\/\/app.nlfiscaal.nl\/fiscanet\/fiscaal.nsf\/0\/C9CA2EC25D40B22DC12581330047D207?opendocument\">ECLI:NL:GHDHA:2017:1555<\/a>"}],"wetsartikelen":["Artikel 30i AWR","Artikel 3.133 lid 9 Wet IB 2001","Art 1 Eerste protocol bij het EVRM"],"NFLT-termen":["Revisierente"]},"sharelink":"https:\/\/www.nlfiscaal.nl\/nlf2018\/0367","endpointbron":"https:\/\/app.nlfiscaal.nl\/fiscanet\/fiscaal.nsf\/jsonapp\/1931BF9323EFA6B5C125822100371BD9?opendocument"}
