{"nlfnummer":"2018\/0379","kortkopje":"Geen kostenvergoeding voor telefonisch horen na gegrondverklaring bezwaar","unid":"914B272BD09EEF02C1258221006F6B03","samenvatting":"<p>X (belanghebbende) heeft bezwaar gemaakt tegen een naheffingsaanslag parkeerbelasting, opgelegd nadat hij bij het betalen van die belasting een verkeerd kenteken in de parkeerautomaat had ingevoerd. De Heffingsambtenaar heeft X bij brief uitgenodigd voor een ‘telefonische hoorzitting’ teneinde te worden gehoord op het door hem ingediende bezwaarschrift. Bij die gelegenheid heeft de Heffingsambtenaar reeds medegedeeld dat aan het bezwaar tegemoet wordt gekomen en de naheffingsaanslag wordt vernietigd, en het telefoongesprek daarom alleen nog betrekking kon hebben op vergoeding van de kosten van de bezwaarfase. Het telefoongesprek heeft vervolgens plaatsgevonden tussen de Heffingsambtenaar en de gemachtigde van X.<\/p><br><p>De Heffingsambtenaar heeft het bezwaar gegrond verklaard, de naheffingsaanslag vernietigd, maar geen kostenvergoeding toegekend.<\/p><br><p>Voor Hof Amsterdam was in geschil of X recht heeft op vergoeding van kosten van de bezwaarfase. Het Hof heeft geoordeeld dat X recht heeft op vergoeding van de kosten van bezwaar. Het Hof heeft echter geen punten toegekend voor het telefoongesprek. Daartoe heeft het Hof overwogen dat niet is gesteld of aannemelijk geworden dat het telefonisch horen op een zodanige wijze heeft plaatsgevonden dat het op één lijn moet worden gesteld met een verschijnen ter hoorzitting.<\/p><br><p>Het tegen dit oordeel ingestelde cassatieberoep wordt ongegrond verklaard. De telefonische hoorzitting had slechts betrekking op de vergoeding van kosten van de bezwaarfase en niet op de beslissing op het bezwaar. Daarvan uitgaande geeft het oordeel van het Hof dat dit telefoongesprek niet op één lijn kan worden gesteld met het verschijnen ter hoorzitting naar aanleiding van een ingediend bezwaar, als bedoeld in artikel 7:2, lid 1, Awb, niet blijk van een onjuiste rechtsopvatting.<\/p>","noten":[{"annotator":"Wendy Nent","werkzaambij":"BDO","tekstnoot":"<p>Indien alleen het arrest wordt gelezen, komt de vraag op waarom een kostenvergoeding werd toegestaan. Het is immers de belanghebbende zelf die een verkeerd kenteken heeft ingevoerd bij de start van de parkeeractie. Uit de Hofuitspraak blijkt echter dat het parkeerkaartje zichtbaar in de auto lag en dat de controlerend ambtenaar de foutieve invoer van het kenteken direct had kunnen opmerken. Onderkend had moeten worden dat de gelijkenis tussen het kenteken van de auto en het op het kaartje vermelde kenteken zodanig groot was dat het kaartje als een geldig parkeerkaartje had moeten worden aangemerkt. Daarmee is het opleggen van de naheffingsaanslag aan te merken als een onrechtmatigheid van het bestuursorgaan en komt de belanghebbende in beginsel in aanmerking voor een kostenvergoeding op grond van artikel 7:15 Awb. Tijdens de bezwaarfase ziet de Heffingsambtenaar in dat de naheffingsaanslag vernietigd moet worden en biedt hij de belanghebbende de gelegenheid om telefonisch te worden gehoord. Dat is een opmerkelijk aanbod, omdat hetgeen partijen nog verdeeld zou kunnen houden slechts het verzoek om kostenvergoeding kan zijn. Dat is een nevenvordering en maakt geen deel uit van het bezwaar. Er bestaat dan ook geen hoorplicht met betrekking tot het verzoek om een kostenvergoeding.<voetnoot>Hof Amsterdam 14 juli 2016, 14\/01031, <a href=\"\/fiscanet\/fiscaal.nsf\/0\/B9AC9A1322C86D74C125800400635EFD?opendocument\">ECLI:NL:GHAMS:2016:3093<\/a>, <a href=\"\/fiscanet\/fiscaal.nsf\/0\/B9AC9A1322C86D74C125800400635EFD?opendocument\"><a href=\"\/fiscanet\/fiscaal.nsf\/0\/B9AC9A1322C86D74C125800400635EFD?opendocument\">NLF 2016\/0129<\/a><\/a> en Rechtbank Gelderland 23 februari 2017, 16\/102, <a href=\"\/fiscanet\/fiscaal.nsf\/0\/F27C9624FA792C7FC12580D00042685D?opendocument\"><a href=\"\/fiscanet\/fiscaal.nsf\/0\/F27C9624FA792C7FC12580D00042685D?opendocument\">ECLI:NL:RBGEL:2017:880<\/a><\/a>, <a href=\"\/fiscanet\/fiscaal.nsf\/0\/F27C9624FA792C7FC12580D00042685D?opendocument\"><a href=\"\/fiscanet\/fiscaal.nsf\/0\/F27C9624FA792C7FC12580D00042685D?opendocument\">NLF 2017\/0520<\/a><\/a>.<\/voetnoot> Ik weet niet of de Heffingsambtenaar dit onderkend heeft en slechts als service een ‘hoorgesprek’ heeft aangeboden. Als hij bedoeld heeft een formeel hoorgesprek te houden, kan worden opgemerkt dat telefonisch horen volgens de wetgever niet voldoet aan de minimumeisen die in de Awb aan het horen worden gesteld. Telefonisch horen kan in de plaats treden van een fysieke hoorzitting wanneer de belanghebbende en de Inspecteur\/Heffingsambtenaar beiden hiermee instemmen. Wanneer het telefonische hoorgesprek op zodanige wijze heeft plaatsgevonden dat het op één lijn moet worden gesteld met het verschijnen ter hoorzitting kan hiervoor een kostenvergoeding worden toegekend.<voetnoot>HR 1 juni 2012, 11\/04661, <a href=\"\/fiscanet\/fiscaal.nsf\/0\/206E76FF2785DFE2C1257A10003270F2?opendocument\"><a href=\"\/fiscanet\/fiscaal.nsf\/0\/206E76FF2785DFE2C1257A10003270F2?opendocument\">ECLI:NL:HR:2012:BW7081<\/a><\/a>.<\/voetnoot> Het Hof kwam in deze zaak tot de conclusie dat het voorgaande niet aannemelijk is geworden, zodat geen kostenvergoeding werd toegekend. De Hoge Raad oordeelt dat het Hof juist heeft beslist, nu het telefonisch gevoerde hoorgesprek alleen nog betrekking had op de kostenvergoeding in de bezwaarfase en niet op de beslissing op het bezwaar.<\/p>"}],"METADATA":{"RUBRIEKEN":[{"RUBRIEKI":"Formeel belastingrecht"}],"instantie":"HR","datum instantie":"2018-01-26T00:00:00+01:00","rolnummer":"17\/04365","ecli":"ECLI:NL:HR:2018:94","NLF-nummer":"2018\/0379","JUDOREG":"NFB1292","Annotator":"Wendy Nent","formele relaties":[{"instantie":"Rechtbank: ","ecli":"niet gepubliceerd"},{"instantie":"Hof: ","ecli":"<a href=\"https:\/\/app.nlfiscaal.nl\/fiscanet\/fiscaal.nsf\/0\/4457837CC69FB9CFC12581B6002C1372?opendocument\">ECLI:NL:GHAMS:2017:4006<\/a>"}],"wetsartikelen":["Artikel 7:2 lid 1 Awb"]},"sharelink":"https:\/\/www.nlfiscaal.nl\/nlf2018\/0379","endpointbron":"https:\/\/app.nlfiscaal.nl\/fiscanet\/fiscaal.nsf\/jsonapp\/7EB49B0757F324B4C1258221003763B2?opendocument"}
