{"nlfnummer":"2018\/0376","kortkopje":"Juist Hof-oordeel over verjaring navorderingsbevoegdheid successierecht","unid":"940EDC100E06EF69C12582230066E2D7","samenvatting":"<p>Op 21 september 1981 is X overleden. In de aangifte successierecht, die destijds is ingediend op 9 juli 1982, is geen melding gemaakt van buitenlands vermogen. Op 30 december 2011 hebben de drie erfgenamen (kinderen; belanghebbenden) aan de Belastingdienst meegedeeld dat erflater ten tijde van zijn overlijden beschikte over Zwitsers vermogen. Als gevolg hiervan is met dagtekening 18 februari 2013 aan elk van de erfgenamen een navorderingsaanslag successierecht opgelegd naar een verkrijging van € 453.780 (ƒ 1.000.000) per erfgenaam.<\/p><br><p>In geschil is of de Inspecteur bevoegd was de navorderingsaanslagen op te leggen. Het geschil spitst zich toe op de vraag of de navorderingstermijn is verstreken.<\/p><br><p>Hof Amsterdam heeft geoordeeld dat navordering door verjaring niet meer mogelijk is.<\/p><br><p>De staatssecretaris stelt in cassatie in de eerste plaats dat het Hof artikel 66 SW 1956 en het bij die bepaling behorende overgangsrecht heeft geschonden, doordat het Hof ten onrechte heeft beslist dat door de werking van het achtereenvolgende overgangsrecht de werking van artikel 66, lid 1, onderdeel 7, SW 1956 (tekst tot en met 1984) niet meer van toepassing is op de onderhavige situatie.<\/p><br><p>Dit cassatiemiddel is gelijk aan het enige cassatiemiddel in zaak 17\/03124 van 21 december 2017 (<a href=\"\/fiscanet\/fiscaal.nsf\/0\/1312DD6BABF8381CC125822100371AF2?opendocument\">ECLI:NL:PHR:2017:1461<\/a>, <a href=\"\/fiscanet\/fiscaal.nsf\/0\/CC54E6E17FEB221DC12580C90053C021?opendocument\">NLF 2017\/0377<\/a>, met noot van Gubbels), waarin A-G IJzerman ook een conclusie heeft uitgebracht.<\/p><br><p>De A-G acht het oordeel van het Hof over verjaring juist. Volgens de A-G is de navorderingstermijn in casu geëindigd twaalf jaren na de inschrijving bij de burgerlijke stand van de akte inhoudende dat erflater is overleden op 21 september 1981, derhalve op 21 september 1993, althans, gezien de praktijk, enkele dagen later. Gelet hierop zijn de onderhavige navorderingsaanslagen met dagtekening 18 februari 2013, zoals het Hof heeft beslist, buiten de geldende navorderingstermijn opgelegd.<\/p><br><p>Het tweede cassatiemiddel van de staatssecretaris komt inhoudelijk overeen met het middel dat is aangevoerd in de zaak die heeft geleid tot het arrest HR 3 maart 2017, 16\/03506, <a href=\"\/fiscanet\/fiscaal.nsf\/0\/B31A75E0C780FB0AC12580D800398013?opendocument\">ECLI:NL:HR:2017:356<\/a>, <a href=\"\/fiscanet\/fiscaal.nsf\/0\/B31A75E0C780FB0AC12580D800398013?opendocument\">NLF 2017\/0662<\/a>, met noot van Brouwers. De Hoge Raad heeft dat middel ongegrond verklaard. Artikel 66, lid 3, AWR bewerkstelligt niet dat een reeds vervallen navorderingsbevoegdheid komt te herleven.<\/p><br><p>Conclusie: het cassatieberoep is ongegrond.<\/p>","noten":[{"annotator":"Theo Hoogwout","werkzaambij":"Erasmus Universiteit Rotterdam","tekstnoot":"<p>Per 1 januari 2012 is voor de erfbelasting in artikel 66, lid 3, SW 1956 een onbeperkte navorderingsmogelijkheid geïntroduceerd als bij de aangifte erfbelasting een in het buitenland aangehouden vermogensbestanddeel niet was opgenomen.<voetnoot>Kamerstukken II 2010\/11, 32 505, amendement 27 en gewijzigd bij artikel V, Kamerstukken II 2011\/12, 33 004, 2.<\/voetnoot> Dit betreft de zogenoemde Edelweissroute, waarover de Hoge Raad al eerder heeft geoordeeld inzake het overgangsrecht met betrekking tot een in 1998 overleden erflaatster, waarvoor de erfgenaam in februari 2014 door middel van een verklaring vrijwillige verbetering melding heeft gemaakt.<voetnoot>HR 3 maart 2017, 16\/03506, <a href=\"https:\/\/www.nlfiscaal.nl\/fiscanet\/fiscaal.nsf\/0\/B31A75E0C780FB0AC12580D800398013?opendocument\">NLF 2017\/0662<\/a>, met noot van Brouwers.<\/voetnoot> Volgens de Hoge Raad geldt deze nieuwe regeling niet voor gevallen waarin de tot 1 januari 2012 geldende navorderingstermijn van twaalf jaar op 1 januari 2012 was verstreken. Volgens de Hoge Raad kan terugwerkende kracht alleen aan de orde zijn als de wetgever expliciet blijk heeft gegeven dat die werking is beoogd. In het onderhavige geschil is de erflater op 21 september 1981 overleden.<\/p>\n<p>Dat wederom cassatie is ingesteld, weliswaar in een andere zaak, heeft te maken met vier wetswijzigingen die sinds het overlijden van de belanghebbende, in de onderhavige zaak in 1981, zijn doorgevoerd. In cassatie ziet deze procedure op de interpretatie van het overgangsrecht ter zake van de opvolgende wettelijke regelingen van de verjaringstermijn voor navorderingen, bij het overgaan van een bepaalde wettelijke regeling in een opvolgende wettelijke regeling.<\/p>\n<p><k2>Vier fases met betrekking tot de wettelijke regeling<\/k2><\/p>\n<p>Op grond van de regeling die in 1982 gold was navordering mogelijk tot vijf jaar nadat de Inspecteur van het buitenlandse vermogen op de hoogte was gekomen. Deze regeling is met ingang van 1 januari 1985 gewijzigd. Op grond van het overgangsrecht was deze wetswijziging ingegaan voor verkrijgingen krachtens erfrecht die hebben plaatsgevonden vanaf 1 januari 1985. Met ingang van 8 juni 1991 is een verlengde navorderingstermijn van twaalf jaren voor in het buitenland gehouden vermogensbestanddelen ingevoerd in artikel 16, lid 4, AWR. Op grond van het overgangsrecht geldt de gewijzigde regeling niet voor gevallen waarin de bevoegdheid tot het vaststellen van een navorderingsaanslag was vervallen. Vervolgens is per 1 januari 2012 de hiervoor genoemde onbeperkte navorderingsbevoegdheid ingevoerd.<\/p>\n<p><k2>Argumenten van de A-G<\/k2><\/p>\n<p>Volgens de A-G geldt een algemene regel dat een in werking getreden wettelijke bepaling in beginsel onmiddellijke werking heeft, zodat de verlengde navorderingstermijn van twaalf jaren geldt op alle erfrechtelijke verkrijgingen die zich hebben voorgedaan voor de wetswijziging per 8 juni 1991.<voetnoot>Zie ook Notitie terugwerkende kracht en eerbiedigende werking, Kamerstukken II 1996\/97, 25 212.<\/voetnoot> Dit geldt dus ook voor de onderhavige erfrechtelijke verkrijging uit 1981. Een uitzondering op de hiervoor genoemde algemene regel is het bij de wetswijziging ingevoerde overgangsrecht, maar dat is niet van toepassing in dit geval. Had de wetgever overgangsrecht willen opnemen, dan had de wetgever dat expliciet moeten invoeren. Nu dit niet is gebeurd, kan worden aangenomen dat dit niet de bedoeling is geweest van de wetgever. Uit de wetsgeschiedenis bij de wetswijziging per 8 juni 1991 is op te merken dat destijds de wetgever een onbeperkte navorderingsbevoegdheid in strijd vond komen met de rechtszekerheid. Het middel van de staatssecretaris komt neer op continuering van de onbeperkte navorderingsbevoegdheid, zoals mogelijk was tot 1 januari 1985. Dit lijkt de A-G in strijd met de hiervoor weergegeven gedachte van de wetgever. Volgens de A-G moet vaagheid van de wetgever bij voorkeur niet ten laste van de belastingplichtige worden gebracht. Wat mij betreft mag vaagheid per definitie niet ten laste van de belastingplichtige worden gebracht.<\/p>"}],"METADATA":{"RUBRIEKEN":[{"RUBRIEKI":"Schenk- en erfbelasting"}],"instantie":"A-G","datum instantie":"2017-12-21T00:00:00+01:00","rolnummer":"17\/00646","ecli":"ECLI:NL:PHR:2017:1460","NLF-nummer":"2018\/0376","JUDOREG":"NFB1289","Annotator":"Theo Hoogwout","formele relaties":[{"instantie":"Rechtbank: ","ecli":"<a href=\"https:\/\/app.nlfiscaal.nl\/fiscanet\/fiscaal.nsf\/0\/FF767B128526FFCEC1257E6F002C1B12?opendocument\">ECLI:NL:RBNHO:2015:4824<\/a>"},{"instantie":"Hof: ","ecli":"<a href=\"https:\/\/app.nlfiscaal.nl\/fiscanet\/fiscaal.nsf\/0\/AB49C4518FB60D53C12580B100319890?opendocument\">ECLI:NL:GHAMS:2017:27<\/a>"}],"wetsartikelen":["Artikel 66 lid 3 SW 1956"]},"sharelink":"https:\/\/www.nlfiscaal.nl\/nlf2018\/0376","endpointbron":"https:\/\/app.nlfiscaal.nl\/fiscanet\/fiscaal.nsf\/jsonapp\/8C6DF5D4A2022ECDC125822100371D99?opendocument"}
