{"nlfnummer":"2018\/0380","kortkopje":"Ten onrechte onbehandeld gelaten maar kansloze stelling; geen dwangsom","unid":"98680EA2E5AB094DC1258221006F795C","samenvatting":"<p>X (belanghebbende) heeft op 26 maart 2015 bezwaar gemaakt tegen een WOZ-beschikking en de aanslag OZB. Bij brief van 7 januari 2016 heeft X de Heffingsambtenaar in gebreke gesteld wegens het niet tijdig doen van uitspraken op bezwaar. Met dagtekening 18 januari 2016 heeft de Heffingsambtenaar de bezwaren, naar later bleek ten onrechte, niet-ontvankelijk verklaard wegens termijnoverschrijding.<\/p><br><p>X heeft voor Hof Den Haag gesteld dat hij recht heeft op toekenning van een dwangsom omdat voornoemde beslissing zeer onzorgvuldig is genomen en daarom niet kan worden opgevat als een uitspraak op bezwaar. X betoogt in cassatie dat het Hof deze stelling ten onrechte niet heeft behandeld.<\/p><br><p>Volgens de Hoge Raad had het Hof deze stelling inderdaad niet onbesproken mogen laten. Dit baat X niet. De Heffingsambtenaar heeft binnen de in artikel 4:17, lid 3, Awb genoemde termijn van twee weken na ontvangst van de ingebrekestelling uitspraak op bezwaar gedaan, zodat hij geen dwangsom verschuldigd is geworden. In het midden kan blijven of de Heffingsambtenaar onzorgvuldig heeft gehandeld, omdat ook een onzorgvuldig tot stand gekomen uitspraak op bezwaar moet worden aangemerkt als een beschikking in de zin van laatstgenoemde wetsbepaling.<\/p><br><p>Het cassatieberoep wordt ongegrond verklaard.<\/p>","noten":[{"annotator":"Ludwijn Jaeger","werkzaambij":"Jaeger Advocaten-belastingkundigen","tekstnoot":"<p><k2>Onzorgvuldigheid<\/k2><\/p>\n<p>Een onzorgvuldige uitspraak op bezwaar is een uitspraak op bezwaar, dus ook voor de vraag of de Inspecteur een dwangsom is verbeurd. Een onzorgvuldige uitspraak op bezwaar kan wel een bijzondere omstandigheid vormen in de zin van het Besluit proceskosten bestuursrecht, zodat de werkelijk gemaakte kosten voor rechtsbijstand voor vergoeding in aanmerking komen. De Hoge Raad spreekt in dat verband overigens wel van ‘in verregaande mate’ onzorgvuldig handelen door de Inspecteur.<voetnoot>HR 4 februari 2011, 09\/02123, <a href=\"https:\/\/www.nlfiscaal.nl\/fiscanet\/fiscaal.nsf\/0\/C24999C78EA66072C125782D003CA984?opendocument\">ECLI:NL:HR:2011:BP2975<\/a>.<\/voetnoot> Een louter slordig geformuleerde of onvolledig gemotiveerde uitspraak op bezwaar zal in de regel niet aan dit criterium voldoen. Daar is meer voor nodig.<\/p>\n<p><k2>‘Apeldoorn’<\/k2><\/p>\n<p>Voor de vraag of sprake is van een uitspraak op bezwaar is bijvoorbeeld de jurisprudentie over de beschikking uit ‘Apeldoorn’ van belang. In die zaken wekte de Inspecteur misverstand over wat nu de uitspraak op bezwaar was waartegen beroep kon worden ingesteld: de motivering die de Inspecteur zelf toezond, of de verminderingsbeschikking die vanuit het computercentrum in Apeldoorn werd verstuurd. Vaak zat er een enkele week in de datering tussen beide. De suggestie werd gewekt dat het latere stuk, met rechtsmiddelverwijzing, de uitspraak kon zijn. De Hoge Raad heeft met die gedachtegang in 2006 korte metten gemaakt,<voetnoot>HR 8 december 2006, 42.929, <a href=\"https:\/\/www.nlfiscaal.nl\/fiscanet\/fiscaal.nsf\/0\/6D5A29BE31000C4FC125723E0047E5E2?opendocument\">ECLI:NL:HR:2006:AZ3875.<\/a><\/voetnoot> maar overwoog dat verwarring over de beschikking uit Apeldoorn wel kan leiden tot een verschoonbare termijnoverschrijding.<\/p>\n<p><k2>Gesloten stelsel van rechtsbescherming<\/k2><\/p>\n<p>In afwijking van de Awb kent artikel 26, lid 1, AWR een gesloten stelsel van rechtsbescherming. Met een uitspraak, ook als die onzorgvuldig of onvolledig is, eindigt derhalve de bezwaarfase. Een uitspraak is vormvrij. Aan de hand van de inhoud van het stuk – of daaruit blijkt van een beslissing op het bezwaar, of daarmee een oordeel is beoogd te geven over het geschil, althans of dat zo kan worden opgevat door de bezwaarmaker – moet worden beoordeeld of iets een uitspraak is. Een ‘tweede uitspraak op bezwaar’ is formeel bezien dus nooit een uitspraak op bezwaar, als de eerdere (nog) niet is vernietigd.<voetnoot>Vgl. eerdergenoemd arrest van 8 december 2006.<\/voetnoot><\/p>"}],"METADATA":{"RUBRIEKEN":[{"RUBRIEKI":"Formeel belastingrecht"}],"instantie":"HR","datum instantie":"2018-01-26T00:00:00+01:00","rolnummer":"17\/03083","ecli":"ECLI:NL:HR:2018:96","NLF-nummer":"2018\/0380","JUDOREG":"NFB1293","Annotator":"Ludwijn Jaeger","formele relaties":[{"instantie":"Rechtbank: ","ecli":"<a href=\"https:\/\/app.nlfiscaal.nl\/fiscanet\/fiscaal.nsf\/0\/5817DDAC76565B00C1258221003801CA?opendocument\">ECLI:NL:RBROT:2016:7280<\/a>"},{"instantie":"Hof: ","ecli":"<a href=\"https:\/\/app.nlfiscaal.nl\/fiscanet\/fiscaal.nsf\/0\/073C1A52840FF889C125812900478EFE?opendocument\">ECLI:NL:GHDHA:2017:1450<\/a>"}],"wetsartikelen":["Art 4:17 Algemene wet bestuursrecht"]},"sharelink":"https:\/\/www.nlfiscaal.nl\/nlf2018\/0380","endpointbron":"https:\/\/app.nlfiscaal.nl\/fiscanet\/fiscaal.nsf\/jsonapp\/A66901561C8A4D24C125822100370833?opendocument"}
