{"nlfnummer":"2018\/0378","kortkopje":"Brief kabinetsreactie evaluaties giftenaftrek anbi’s en publicatieplicht anbi’s","unid":"98CE4764189A84CCC125822300446734","samenvatting":"<p>De kabinetsreactie naar aanleiding van de evaluaties giftenaftrek anbi’s en naleving publicatieplicht anbi’s zal voor 1 juni 2018 naar de Tweede Kamer worden gezonden. Dit schrijft de staatssecretaris van Financiën in een brief aan de Kamer.<\/p><br><p>De staatssecretaris geeft in zijn brief aan dat de giftenaftrek en anbi-regelingen worden gecontinueerd. Dit is ook in het Regeerakkoord afgesproken. Bovendien is via een door de Kamer aangenomen amendement ook geregeld dat de culturele multiplier structureel wordt gehandhaafd.<\/p><br><p>Dat neemt volgens de staatssecretaris niet weg dat de evaluaties van de giftenaftrek en van de praktijk rondom anbi’s en sbbi’s, met name op het punt van de uitvoerbaarheid en handhaafbaarheid van deze regelingen, kritisch waren. Om die reden wil hij binnen de kaders van het Regeerakkoord bezien welke mogelijkheden er zijn om deze regelingen op het punt van met name de uitvoerbaarheid en handhaafbaarheid te verbeteren. De staatssecretaris acht van belang dat verbetervoorstellen ook op maatschappelijk draagvlak kunnen rekenen, met name bij de filantropiesector die in belangrijke mate financieel steunt op deze regelingen. Daarom wil hij iets meer tijd nemen voor het opstellen van een kabinetsreactie. Hij streeft ernaar de kabinetsreactie voor 1 juni 2018 naar de Kamer te sturen, zodat daarover desgewenst nog voor het zomerreces met de Kamer van gedachten kan worden gewisseld.<\/p><br><p>De staatssecretaris heeft tegelijk met deze brief ook de antwoorden op schriftelijke vragen over de publicatieplicht van kerkgenootschappen en de antwoorden op vragen over de naleving van de publicatieplicht naar de Kamer gezonden.<\/p>","noten":[{"annotator":"Peter Jansen","werkzaambij":"Belastingdienst","tekstnoot":"<p><k2>Kamerbrief kabinetsreactie evaluaties giftenaftrek anbi’s en publicatieplicht anbi’s<\/k2><\/p>\n<p>Het is alweer enige tijd geleden dat de evaluatie giftenaftrek en de evaluatie van de praktijk rondom anbi’s en sbbi’s naar de Tweede Kamer zijn gestuurd. Eind januari 2017 om precies te zijn. De behandeling van de evaluatierapporten is na de verkiezingen van 15 maart 2017 controversieel verklaard. In de voorliggende brief geeft de staatssecretaris aan dat de kabinetsreactie voor 1 juni aanstaande naar de Kamer zal worden gestuurd. Tegelijkertijd met deze brief zijn ook de antwoorden op vragen over de publicatieplicht van kerkelijke instellingen en geldstromen uit onvrije landen en de antwoorden op vragen over de naleving van de publicatieplicht naar de Kamer verzonden.<\/p>\n<p>Het goede nieuws is dat de giftenaftrek en de anbi-regeling worden gecontinueerd. De culturele multiplier wordt zelfs structureel gehandhaafd. Dat er aanpassingen in beide regelingen gaan komen, wordt uit deze brief ook wel duidelijk. In het evaluatierapport anbi’s en sbbi’s zijn verschillende kritische aspecten rondom de uitvoerbaarheid en handhaafbaarheid van de regelingen opgenomen. Het evaluatierapport is een intern, door de Belastingdienst en het ministerie van Financiën gezamenlijk opgesteld stuk. Naar mijn mening is, gezien de uitkomsten van de evaluatie, duidelijk dat er niet terughoudend is geëvalueerd. <\/p>\n<p>Uit de brief wordt verder duidelijk dat er nog overleg gevoerd gaat worden met de filantropische sector. Daarnaast zal er ook op andere manieren maatschappelijk draagvlak voor eventuele aanpassingen in de regelingen worden gecreëerd. Dit lijkt me een goede zaak en is ook in lijn met hoe de politiek steeds handelt in het anbi-dossier.<\/p>\n<p><k2>Bijlagen, publicatieplicht en geldstromen uit onvrije landen<\/k2><\/p>\n<p>In de bijlagen beantwoordt de staatssecretaris vragen van het Kamerlid Omtzigt over de publicatieplicht van moskeeën en kerken met een anbi-status en de transparantie van geldstromen uit onvrije landen. Daarnaast beantwoordt hij vragen van de vaste commissie voor Financiën van 21 juni 2017 over de naleving van de publicatieplicht door anbi’s.<\/p>\n<p>Uit de antwoorden wordt onder andere het volgende duidelijk:<\/p>\n<ul>\n<li>Uit controles bij kerkelijke instellingen is gebleken dat er bij ruim 45% van de kerkelijke instellingen ten aanzien van de publicatieplicht omissies zijn. Bij vrijwel alle instellingen met omissies heeft er herstel plaatsgevonden.<\/li>\n<li>De Belastingdienst heeft geen ander controlebeleid voor kerkelijke instellingen dan voor andere anbi’s.<\/li>\n<li>In de bestanden van de Belastingdienst zijn kerkelijke instellingen, anders dan via de algemene categorieaanduiding, niet nader specifiek geregistreerd. Hoeveel islamitische instellingen er bijvoorbeeld als anbi geregistreerd staan is dus niet bekend.<\/li>\n<li>De publicatieplicht anbi bevat geen specifieke voorschriften inzake informatie over de herkomst van ontvangsten door anbi’s. Hierop wordt door de Belastingdienst ook niet gecontroleerd, omdat dit geen specifiek onderdeel is van de wettelijke verplichting ten aanzien van anbi’s. De Belastingdienst heeft daarom geen duidelijk zicht hierop. Gezien de veelheid van vragen over dit laatste is wel duidelijk dat dit het kabinet zorgen baart. Om meer inzicht in geldstromen uit onvrije landen te krijgen zijn daarom ook al verschillende trajecten opgestart, onder andere de versterkte diplomatieke dialoog met een aantal landen in het Midden-Oosten, alsook de inmiddels opgestarte pilot binnen het Financieel Expertise Centrum (FEC). Het toezicht op deze geldstromen zal nog nader worden ingevuld.<\/li>\n<\/ul>"}],"METADATA":{"RUBRIEKEN":[{"RUBRIEKI":"Schenk- en erfbelasting"}],"instantie":"MvF","datum instantie":"2018-01-26T00:00:00+01:00","rolnummer":"2018-0000012551","NLF-nummer":"2018\/0378","JUDOREG":"NFB1291","Annotator":"Peter Jansen","wetsartikelen":["Artikel 5b AWR"]},"sharelink":"https:\/\/www.nlfiscaal.nl\/nlf2018\/0378","endpointbron":"https:\/\/app.nlfiscaal.nl\/fiscanet\/fiscaal.nsf\/jsonapp\/12E749D1B87DB6A3C1258222004A1A7F?opendocument"}
