{"nlfnummer":"2018\/0366","kortkopje":"Revisierente i.v.m. afkoop lijfrente; geen individuele buitensporige last","unid":"9F32084F73D30DEFC1258230002CF032","samenvatting":"<p>In de jaren 2001 tot en met 2010 heeft X (belanghebbende) telkens premies voor lijfrenteverzekeringen in aftrek gebracht. In het jaar 2012 heeft hij deze lijfrenten afgekocht.<\/p><br><p>Bij de in dit geding bestreden aanslag heeft de Inspecteur de door X ontvangen afkoopsommen in aanmerking genomen als negatieve uitgaven voor inkomensvoorzieningen als bedoeld in artikel 3.133, lid 1 en 2, aanhef en onderdeel d, Wet IB 2001.<\/p><br><p>Bij Hof Den Haag was in geschil:<\/p><br><ul><br><li>of het gelijkheidsbeginsel meebrengt dat X op dezelfde wijze moet worden behandeld als belastingplichtigen die aanspraken op lijfrenten afkopen met toepassing van artikel 3.133, lid 9, Wet IB 2001 (tekst vanaf 2015);<\/li><br><li>of de omstandigheid dat de premie volksverzekeringen niet wordt geheven van degene die na het bereiken van de pensioengerechtigde leeftijd een lijfrente geniet, meebrengt dat die premie ook bij het belasten van de afkoopsommen buiten beschouwing moet worden gelaten; en<\/li><br><li>of het in rekening brengen van revisierente belanghebbende confronteert met een individuele en buitensporige last en daarom een ongeoorloofde inbreuk vormt op zijn door artikel 1 Eerste Protocol bij het EVRM beschermde eigendomsrecht.<\/li><br><\/ul><br><p> <\/p><br><p>Het Hof heeft deze vragen ontkennend beantwoord en het hoger beroep van X ongegrond verklaard. Tegen dit oordeel heeft X cassatieberoep ingesteld. A-G Niessen heeft geconcludeerd tot ongegrondverklaring van het cassatieberoep (<a href=\"\/fiscanet\/fiscaal.nsf\/0\/1931BF9323EFA6B5C125822100371BD9?opendocument\">ECLI:NL:PHR:2017:1462<\/a>, <a href=\"\/fiscanet\/fiscaal.nsf\/0\/1931BF9323EFA6B5C125822100371BD9?opendocument\">NLF 2018\/0367<\/a>).<\/p><br><p>De Hoge Raad oordeelt dat de bezwaren die X in cassatie tegen de desbetreffende beslissingen van het Hof aanvoert, falen op de gronden die zijn vermeld in de conclusie van de A-G, samengevat in punt 6.10 tot en met 6.16 van die conclusie.<\/p>","noten":[{"annotator":"Eddo Hageman","werkzaambij":"Deloitte","tekstnoot":"<p><k2>Eigendomsrecht<\/k2><\/p>\n<p>In deze procedure staat de vraag centraal of voor belanghebbende sprake is van een individuele en buitensporige last in de zin van artikel 1 Eerste Protocol bij het EVRM (hierna: EP), nu hij ter zake van de afkoop van een tweetal lijfrenteverzekeringen naast inkomstenbelasting en premie volksverzekeringen ook revisierente verschuldigd is. Hoewel de feitenrechters begrip toonden voor de moeilijke financiële situatie van belanghebbende, zagen zij geen mogelijkheid om de berekening van revisierente achterwege te laten. De Hoge Raad onderschrijft dit oordeel, onder verwijzing naar een aantal passages uit de conclusie van A-G Niessen.<\/p>\n<p>In zijn conclusie geeft de A-G het volgende, aan de jurisprudentie van het EHRM ontleende, toetsingskader om te beoordelen of sprake is van een ongerechtvaardigde inbreuk op het eigendomsrecht:<\/p>\n<ol>\n<li>Is sprake van eigendom in de zin van artikel 1 EP?<\/li>\n<li>Is sprake van een inmenging met het ongestoorde genot van dit eigendom?<\/li>\n<li>Is er een wettelijke basis die voldoende toegankelijk, precies en voorzienbaar is?<\/li>\n<li>Is de aantasting van het eigendomsrecht geoorloofd?<\/li>\n<\/ol>\n<p> <\/p>\n<p>Bij die laatste toets draait het om de vraag of de desbetreffende wettelijke bepaling een legitiem publiek belang dient en tevens proportioneel is (‘fair balance’). De Hoge Raad onderscheidt in dit verband een ‘fair balance’ op het niveau van de regelgeving en op het niveau van de individuele belastingplichtige. In deze zaak draait het uitsluitend om die laatste toets.<\/p>\n<p><k2>Fair balance<\/k2><\/p>\n<p>Volgens de Hoge Raad is sprake van een ‘individual and excessive burden’ wanneer de last die een bepaalde maatregel meebrengt zich in het geval van de belanghebbende sterker laat voelen dan in het algemeen.<voetnoot>HR 10 september 2010, 08\/04653, ECLI:NL:HR:2010:BK3103.<\/voetnoot> In het arrest van 17 maart 2017<voetnoot>HR 17 maart 2017, 15\/04164, <a href=\"https:\/\/www.nlfiscaal.nl\/fiscanet\/fiscaal.nsf\/0\/949FC367EBE34407C12580E600357965?opendocument\">ECLI:NL:HR:2017:442<\/a>, <a href=\"https:\/\/www.nlfiscaal.nl\/fiscanet\/fiscaal.nsf\/0\/949FC367EBE34407C12580E600357965?opendocument\">NLF 2017\/0683<\/a>, met noot van Jaeger.<\/voetnoot> is dit criterium zo ingevuld dat sprake moet zijn van bijzondere feiten en omstandigheden die niet voor alle belastingplichtigen gelden die met de betreffende maatregel worden geconfronteerd. In deze zaak zou daarbij gedacht kunnen worden aan de omstandigheid dat belanghebbende door gezondheidsproblemen en de financiële crisis genoodzaakt werd om de lijfrenteverzekeringen af te kopen.<\/p>\n<p>De Hoge Raad oordeelt echter in navolging van de A-G dat deze omstandigheid niet de conclusie rechtvaardigt dat belanghebbende zwaarder is getroffen dan anderen aan wie revisierente in rekening is gebracht wegens afkoop van een lijfrente. Naar mijn mening valt er wel iets op dit oordeel af te dingen. Ik zou zeggen dat het wel degelijk verschil maakt of iemand door financiële nood gedwongen wordt om tot afkoop over te gaan. In de situatie waarin elke euro nodig is om in het levensonderhoud te kunnen blijven voorzien, hakt de revisierente er extra hard in.<\/p>\n<p>Voor belanghebbende is het dubbel zuur dat sinds 1 januari 2015 in artikel 3.133, lid 9, Wet IB 2001 wel een faciliteit is opgenomen voor afkoop van lijfrenten in geval van langdurige arbeidsongeschiktheid. Indien aan de toepassingsvoorwaarden is voldaan, worden geen negatieve uitgaven in aanmerking genomen en wordt geen revisierente in rekening gebracht. Uiteraard is de afkoopsom wel in box 1 belast. Wat mij betreft zou een uitbreiding van deze wettelijke regeling dan wel een ruimhartiger toepassing van de hardheidsclausule in gevallen als die van belanghebbende niet misstaan.<\/p>"}],"METADATA":{"RUBRIEKEN":[{"RUBRIEKI":"Inkomstenbelasting"},{"RUBRIEKII":"Formeel belastingrecht"}],"instantie":"HR","datum instantie":"2018-02-09T00:00:00+01:00","rolnummer":"17\/02950","ecli":"ECLI:NL:HR:2018:167","NLF-nummer":"2018\/0366","JUDOREG":"NFB1282","Annotator":"Eddo Hageman","formele relaties":[{"instantie":"Rechtbank: ","ecli":"niet gepubliceerd"},{"instantie":"Hof: ","ecli":"<a href=\"https:\/\/app.nlfiscaal.nl\/fiscanet\/fiscaal.nsf\/0\/C9CA2EC25D40B22DC12581330047D207?opendocument\">ECLI:NL:GHDHA:2017:1555<\/a>"},{"instantie":"A-G: ","ecli":"<a href=\"https:\/\/app.nlfiscaal.nl\/fiscanet\/fiscaal.nsf\/0\/1931BF9323EFA6B5C125822100371BD9?opendocument\">ECLI:NL:PHR:2017:1462<\/a>"}],"wetsartikelen":["Artikel 30i AWR","Artikel 3.133 Wet IB 2001","Art 1 Eerste protocol bij het EVRM"],"NFLT-termen":["Revisierente"]},"sharelink":"https:\/\/www.nlfiscaal.nl\/nlf2018\/0366","endpointbron":"https:\/\/app.nlfiscaal.nl\/fiscanet\/fiscaal.nsf\/jsonapp\/D74187EE3AC1D192C125822F0036F831?opendocument"}
