{"nlfnummer":"2018\/0386","kortkopje":"Naheffing BPM in verband met invoer schadeauto; onafhankelijkheid taxateurs","unid":"A7645A9211BEC378C1258228006C436B","samenvatting":"<p>Aan X (belanghebbende) is een naheffingsaanslag BPM opgelegd in verband met de invoer van een schadeauto.<\/p><br><p>In geschil is of de naheffingsaanslag terecht en tot het juiste bedrag is opgelegd.<\/p><br><p>Partijen hebben over en weer gesteld dat de taxateur van de wederpartij onvoldoende onafhankelijk en\/of deskundig is. Rechtbank Zeeland-West-Brabant ziet echter geen aanleiding om aan de onafhankelijkheid van een van beide taxateurs te twijfelen. Partijen zijn het voorts eens over de handelsinkoopwaarde van de auto vóór schadeaftrek op basis van de koerslijst van EurotaxGlass’s. X stelt dat op deze koerslijstwaarde een korting moet worden toegepast omdat niet valt uit te sluiten dat in deze koerslijst mede btw-auto’s zijn opgenomen. De Rechtbank acht dit op basis van de enkele stelling van X echter niet aannemelijk, zodat geen aanleiding bestaat voor een vermindering van de uit de koerslijst volgende waarde.<\/p><br><p>De Inspecteur heeft zich in de beroepsfase op het nadere standpunt gesteld dat de in aanmerking te nemen schade € 336 bedraagt, nu bij de hertaxatie voor de berekening van de herstelkosten ten onrechte is uitgegaan van een te laag uurtarief (exclusief btw). X maakt niet aannemelijk dat met een hoger bedrag aan schade dan € 336 rekening moet worden gehouden.<\/p>","noten":[{"annotator":"Heleen Elbert","werkzaambij":"Elbert Fiscaal","tekstnoot":"<p><k2>Taxatie<\/k2><\/p>\n<p>Wanneer men een – voor de BPM – gunstige aftrek voor schade wenst, is het gebruikelijk dat de grootte van deze schade onderbouwd wordt door middel van een taxatierapport. De Inspecteur kan er vervolgens voor kiezen een tegentaxatie te laten uitvoeren. Een en ander volgt uit het (huidige) artikel 10, lid 8, Wet BPM dat vermeldt dat indien sprake is van een voertuig met meer dan normale gebruiksschade, maar geen schadeauto, de afschrijving op een bij de aangifte gedaan verzoek wordt gesteld op de som van de catalogusprijs, bedoeld in artikel 9, lid 5, Wet BPM, verminderd met de taxatiewaarde vermeld in een taxatierapport. Hierbij wordt vereist dat het taxatierapport voldoet aan bij ministeriële regeling te stellen voorwaarden. Deze voorwaarden zijn opgenomen in artikel 8, lid 4, onderdeel b, Uitv.reg. BPM en de daarbij behorende bijlage. In dit kader is relevant dat het taxatierapport moet worden opgemaakt door een onafhankelijke, erkende taxateur. Dit is een van de aanscherpingen die per 1 januari 2015<voetnoot>Regeling van 30 december 2014, IZV2014\/715M, Stcrt. 2014, 36880.<\/voetnoot> is ingevoerd naar aanleiding van de motie-Van Vliet (PVV). Van Vliet vraagt in zijn motie alleen taxatierapporten van gecertificeerde taxateurs toe te staan, dit teneinde taxatiefraude zo veel mogelijk te voorkomen. In zijn brief aan de Tweede Kamer van 25 april 2014<voetnoot>Brief van 25 april 2014, AFP\/2014\/302.<\/voetnoot> geeft de staatssecretaris aan dat hij deze motie oppakt. In samenwerking met de Bovag, de verenigingen van geregistreerde taxateurs (Nivre, TVM en TRV) en de Belastingdienst heeft men vervolgens bezien hoe men dit verder kan verbeteren,<voetnoot>Kamerstukken II 2014\/15, 34 002, 3, p. 32 e.v.<\/voetnoot> resulterend in de hiervoor genoemde, per 1 januari 2015 ingevoerde aanscherping.<\/p>\n<p><k2>Wat\/wie is een onafhankelijke, erkende taxateur?<\/k2><\/p>\n<p>Tussen bovengenoemde partijen is afgesproken dat een onafhankelijke, erkende taxateur geen onderdeel uitmaakt van, of direct of indirect verbonden is aan een bedrijf dat handelt in gebruikte motorrijtuigen. Deze taxateur mag ook geen BPM-aangiften opstellen voor eigen klanten of derden of optreden als gemachtigde bij bezwaar- en beroepsprocedures. Dat deze omschrijving ruimte laat voor discussie, blijkt uit onderhavige procedure waarin beide partijen diverse vraagtekens stellen bij de onafhankelijkheid en professionaliteit van de door de wederpartij ingeschakelde taxateur. Uit de nota van toelichting<voetnoot>Stcrt. 2011, 22974.<\/voetnoot> blijkt dat met het begrip ‘onafhankelijk taxateur’ wordt gedoeld op ‘een taxateur die zich niet direct of indirect bezighoudt met activiteiten die een onaanvaardbare schijn van partijdigheid of afhankelijkheid met zich meebrengen’. Van een taxateur wordt verwacht dat hij met zijn expertise en kennis van de relevante markt een deskundige en objectieve schatting maakt wat het motorrijtuig, in de staat waarin het zich op dat moment bevindt, redelijkerwijs zou moeten kunnen opbrengen bij inkoop door een handelaar in Nederland. Daarvoor is een onafhankelijke positie onontbeerlijk. Zo mag een taxateur in de zin van artikel 8, lid 5 (thans lid 4) Uitv.reg. BPM geen deel uitmaken van, en evenmin direct of indirect verbonden zijn aan, een bedrijf dat handelt in gebruikte motorrijtuigen of dat voor eigen klanten of derden BPM-aangiften opmaakt of optreedt als gemachtigde bij bezwaar- en beroepsprocedures. Met het begrip ‘erkend taxateur’ wordt gedoeld op een taxateur die binnen de relevante branche als zodanig werkzaam en bekend is, hetgeen blijkt uit een inschrijving, met specialisatie motorrijtuigen, in een register voor taxateurs of schade-experts. Sinds 2001 is geen sprake meer van titelbescherming en beëdiging van taxateurs. Aangezien de beëdiging van taxateurs door de Kamer van Koophandel destijds gold voor een periode van vijf jaar, mag niemand zich inmiddels nog beëdigd taxateur noemen. Hof Amsterdam<voetnoot>Hof Amsterdam 17 november 2015, 14\/00103, <a href=\"https:\/\/www.nlfiscaal.nl\/fiscanet\/fiscaal.nsf\/0\/CB26A62085C43880C1257F160031A578?opendocument\">ECLI:NL:GHAMS:2015:5118.<\/a><\/voetnoot> oordeelde dat het in de nota van toelichting gegeven verbod op (indirecte) verbondenheid een, in het licht van het doel en de strekking van de regeling en het gegeven dat de bewijslast op belanghebbende rust, te restrictieve uitleg van het begrip ‘onafhankelijk’ is. De Rechtbank voegt daar in deze zaak mijns inziens terecht aan toe dat uitlatingen op de website van de taxateur van belanghebbende, waarop staat vermeld dat de taxateur wordt ondersteund door gemachtigde, geen aanleiding geven om aan te nemen dat de taxateur niet onafhankelijk zou zijn. Dat voor bezwaar- en beroepsprocedures wordt (door)verwezen naar een juridisch onderlegd persoon, komt de Rechtbank niet onlogisch voor en vormt onvoldoende reden aan te nemen dat dat eraan in de weg zou staan dat de taxateur zijn werkzaamheden onafhankelijk zou verrichten.<\/p>\n<p>Kortom, of sprake is van een onafhankelijke, erkende taxateur, is en blijft – naar goed fiscaal gebruik – afhankelijk van feiten en omstandigheden. Of het zinvol is iets als een landelijk erkenningsinstituut op te richten weet ik niet. Ik neem aan dat de kwaliteit van een taxateur alleen in twijfel wordt getrokken wanneer de taxatie-uitkomst een van de partijen onwelgevallig is. Voor zover ik kan zien, leidt het huidige begrip ook niet tot een hausse aan rechtspraak, dus ik heb nog geen aanleiding te veronderstellen dat de praktijk behoefte heeft aan nadere regelgeving op dit terrein.<\/p>"}],"METADATA":{"RUBRIEKEN":[{"RUBRIEKI":"Autobelastingen"}],"instantie":"Rechtbank Zeeland-West-Brabant","datum instantie":"2017-11-09T00:00:00+01:00","rolnummer":"16\/2809","ecli":"ECLI:NL:RBZWB:2017:7753","NLF-nummer":"2018\/0386","JUDOREG":"NFB1297","Annotator":"Heleen Elbert","wetsartikelen":["Artikel 8 lid 4 Uitv. reg. BPM 1992"]},"sharelink":"https:\/\/www.nlfiscaal.nl\/nlf2018\/0386","endpointbron":"https:\/\/app.nlfiscaal.nl\/fiscanet\/fiscaal.nsf\/jsonapp\/F03AAAF281BAE77EC125821F00423920?opendocument"}
