{"nlfnummer":"2018\/0385","kortkopje":"Kamervragen over dubbele belastingheffing pensioenen Belgische grensarbeiders","unid":"BB53F0A8762AAD48C1258230002C1B02","samenvatting":"<p>De staatssecretaris van Financiën schrijft in antwoord op Kamervragen dat belastingheffing voor inwoners van België die een pensioen uit Nederland ontvangen, kan leiden tot dubbele belastingheffing als België deze pensioenen ook in de heffing betrekt. Deze situatie is onwenselijk. Daarom vindt op korte termijn een overleg plaats tussen Nederland en België om te komen tot een passende oplossing.<\/p>","METADATA":{"RUBRIEKEN":[{"RUBRIEKI":"Internationaal belastingrecht"},{"RUBRIEKII":"Loonbelasting"}],"instantie":"MvF","datum instantie":"2018-02-09T00:00:00+01:00","rolnummer":"2018Z00708","NLF-nummer":"2018\/0385"},"sharelink":"https:\/\/www.nlfiscaal.nl\/nlf2018\/0385","endpointbron":"https:\/\/app.nlfiscaal.nl\/fiscanet\/fiscaal.nsf\/jsonapp\/36B862F7A571C5E5C125822F0067C1EE?opendocument"}
