[{"Redactie":"<p>prof. dr. P. Kavelaars (hoofdredacteur)<\/p><p>mr. A.M.A. de Beer<\/p><p>mr. J. Berns<\/p><p>prof. dr. A.H. Bomer<\/p><p>drs. M.J.A.M. van Gijlswijk<\/p><p>mr. dr. M.F. de Wilde<\/p>","Nieuwsfeed":"<p>mr. F.A. Peppelenbosch<\/p><p>mr. C.J.F.  Oudelaar-Verhagen<\/p>","Uitgever":"<p>drs. A.P.W. Brinkman<\/p><p>drs. V. Maes<\/p>","Bureauredactie":"<p>drs. H. de Weert<\/p>","Vormgeving":"<p>Link Design, Amsterdam<\/p>","App design & ontwikkeling":"<p>Digital Chefs, Amsterdam<\/p>","Citeerwijze":"NLF 2018\/0001","Contact":"Stichting NLFiscaal\nBinnenkant 18\n1011 BG Amsterdam\n020 627 21 75\ninfo@nlfiscaal.nl","Uitgeefformule":"NLFiscaal brengt wekelijks alle actuele ontwikkelingen op het gebied van fiscale wet- en regelgeving en jurisprudentie. De voor de Nederlandse fiscale praktijk relevante informatie wordt aangeboden in de vorm van samenvattingen, annotaties, en waar nodig letterlijke weergaven van brondocumenten, zowel in gedrukte als in digitale vorm. Voor abonnees zijn alle volledige brondocumenten  raadpleegbaar via QR-codes en via de website www.nlfiscaal.nl.","Abonnementen":"Abonnementen kunnen op ieder gewenst tijdstip ingaan voor een periode van ten minste een kalenderjaar en lopen automatisch door indien zij niet schriftelijk tot 2 maanden voor het verstrijken van de abonnementstermijn worden opgezegd.\nBinnen het abonnement ontvangt u wekelijks digitaal en\/of in folio NLFiscaal. Tevens ontvangt u dagelijks nieuws via de e-mail en kunt u nieuws- en naslag-apps voor iPhone en iPad gebruiken.\nOok heeft u op de website www.nlfiscaal.nl toegang tot het online opinieplatform en tot de NLFiscaal kennisdatabank.\nAbonnementsprijs:<ul><li>online versie € 900<\/li><li>meerprijs voor folio € 150 (inclusief verzendkosten)<\/li><li>alle prijzen exclusief btw<\/li><\/ul>","Advertenties":"NLFiscaal heeft een hoge oplage en biedt u de mogelijkheid om uw doelgroep tegen een aantrekkelijke prijs te bereiken. Iedere donderdag voorafgaande aan de beoogde verschijningsweek dient het advertentiemateriaal in ons bezit te zijn.","Disclaimer":"Het verlenen van toestemming tot publicatie in NLFiscaal houdt in, dat de uitgever met uitsluiting van ieder ander onherroepelijk door redactie en auteurs gemachtigd is de door derden verschuldigde vergoedingen voor kopiëren als bedoeld in artikel 17, lid 2, Auteurswet, te doen innen door en overeenkomstig de reglementen van de Stichting Reprorecht, een en ander behoudens uitdrukkelijk voorbehoud van de kant van redactie en auteurs.\nUitgever en redactie van NLFiscaal baseren publicaties op informatie die openbaar toegankelijk is. Zij aanvaarden onder geen enkele voorwaarde aansprakelijkheid voor eventuele gevolgschade in welke vorm dan ook, die publicatie van deze informatie tot gevolg heeft.","ISSN":"2468-9033","Annotatoren":{"ADELER J":"mr. J. Adeler","ADEMA RPC":"mr. dr. R.P.C. Adema","AKSOY F":"mr. F. Aksoy","ANTONISSE WJH":"mr. W.J.H. Antonisse","BARMENTLO DG":"mr. D.G. Barmentlo","BEER AW":"drs. A.W. de Beer RB","BERG JE":"drs. J.E. van den Berg","BERGMAN CM":"mr. C.M. Bergman","BERKHEMER EF":"mr. E.F. Berkhemer","BIJL JBO":"mr. J.B.O. Bijl","BIOCH E":"mr. E. Bioch","BLOKLAND WJ":"dr. W.J. Blokland","BOBELDIJK ACP":"prof. mr. dr. A.C.P. Bobeldijk","BOSMAN RA":"mr. dr. R.A. Bosman","BOTHOF SM":"mr. S.M. Bothof","BOULOGNE GF":"dr. G.F. Boulogne","BRAGT I":"mr. drs. I. van Bragt","BRANDSMA RPCWM":"prof. dr. R.P.C.W.M. Brandsma","BREKEL RPJ":"drs. R.P.J. van den Brekel","BROKER HB":"mr. H.B. Bröker","BROUWERS CLM":"mr. C.L.M. Brouwers","BRUINS SLOT W":"dr. W. Bruins Slot","COOLS AS":"mr. dr. A.S. Cools","CORNIELJE SB":"mr. dr. S.B. Cornielje","DOORNIK EM":"mr. E.M. van Doornik","DOUVEN C":"mr. C. Douven","DUN M":"dr. mr. M. van Dun","DUSARDUIJN SMH":"mr. dr. S.M.H. Dusarduijn RB","EGELIE WFEM":"mr. W.F.E.M. Egelie","EL OUARDI T":"mr. T. El Ouardi","ELBERT HA":"mr. H.A. Elbert","ESDONK-BONGAARTS LMSM":"mr. L.M.S.M. van Esdonk-Bongaarts","ESDONK A":"drs. A. van Esdonk","FROENTJES R":"mr. R. Froentjes","GANZEVELD J":"mr. dr. J. Ganzeveld","GASSLER YE":"mr. dr. Y.E. Gassler MRE","GELDERBLOM WJCM":"dr. mr. W.J.C.M. Gelderblom","GERADTS YEJ":"mr. Y.E.J. Geradts","GOOIJER J":"mr. J. Gooijer","GRAMSBERGEN LY":"mr. L.Y. Gramsbergen","GROOT IM":"mr. I.M. de Groot","GRUSON J":"mr. drs. J. Gruson","GUBBELS NCG":"prof. mr. dr. N.C.G. Gubbels","HAAN N":"mr. N. de Haan","HAGEMAN EP":"E.P. Hageman LLM","HEER LJ":"mr. L.J. de Heer","HELDEN M":"M. van Helden MSc","HENDRIKS M":"mr. M. Hendriks","HOFFER MHN":"mr. M.H.N. Hoffer","HOOGWOUT TC":"mr. T.C. Hoogwout","HORZEN F":"mr. F. van Horzen","HULTEN LC":"L.C. van Hulten MSc","HULTEN MJ":"M.J. van Hulten LLM","JAEGER BJGL":"mr. B.J.G.L. Jaeger","JANSEN PJF":"drs. P.J.F. Jansen","JANSSEN RLMC":"mr. R.L.M.C. Janssen","JONG C":"mr. C. de Jong","JONGMANS B":"mr. B. Jongmans","JORRITSMA AH":"mr. drs. A.H. Jorritsma","KAPPELLE HM":"prof. mr. H.M. Kappelle","KASTELEIN ME":"mr. M.E. Kastelein","KAWKA ML":"mr. M.L. Kawka","KESTEREN HWM":"prof. dr. H.W.M. van Kesteren","KOERTS M":"mr. M. Koerts LLM","KOOIMAN WR":"mr. dr. W.R. Kooiman","KORVING JJAM":"mr. dr. J.J.A.M. Korving","LIGTHART NM":"drs. N.M. Ligthart","LINDONK CL":"dr. C.L. van Lindonk","LUIJKEN CAH":"mr. C.A.H. Luijken","MAAS C":"dr. mr. C. Maas","MAES":"","MAESS":"","MARTENS AMP":"mr. A.M.P. Martens","MENGER OM":"drs. O.M. Menger","MERKX MMWD":"mr. dr. M.M.W.D. Merkx","MERTENS AL":"mr. A.L. Mertens","MIK BB":"mr. drs. B.B. de Mik","MOLENAAR D":"dr. D. Molenaar","MONSMA AP":"mr. A.P. Monsma","MONSMA EJ":"E.J. Monsma MSc","MUUR PF":"mr. P.F. van der Muur","NENT WE":"mr. W.E. Nent","NIES IJ":"drs. IJ. de Nies","NOE THA":"mr. T.H.A. Noë","NORDEN GJ":"prof. dr. G.J. van Norden","NUIS JWC":"mr. J.W.C. Nuis","NUYENS AME":"mr. A.M.E. Nuyens","OUARDI T":"mr. T. El Ouardi","PEPPELENBOSCH AM":"mr. A.M. Peppelenbosch","PERDAEMS AJC":"mr. A.J.C. Perdaems","POLAK E":"mr. E. Polak","POTGENS FPG":"prof. dr. F.P.G. Pötgens","RAAIJMAKERS JHPM":"J.H.P.M. Raaijmakers","RAMAUTARSING RR":"drs. R.R. Ramautarsing","RIJFF LS":"mr. L.S. Rijff","ROOS I":"mr. I. de Roos","RUIJSCHOP MHC":"mr. M.H.C. Ruijschop","RUITER GJW":"drs. G.J.W. de Ruiter","RUSSO R":"prof. mr. dr. R. Russo","SANDERS JR. J":"mr. J. Sanders jr.","SCHIPPERS ML":"M.L. Schippers LLM","SCHOLS BMEM":"prof. mr. dr. B.M.E.M. Schols","SLOOTEN GJ":"mr. G.J. van Slooten","SMITS MA":"mr. M.A. Smits","SOLTYSIK MWC":"mr. M.W.C. Soltysik","SONNEVELDT F":"prof. dr. F. Sonneveldt","SPARIDIS E":"E. Sparidis MSc","SPAUWEN S":"mr. S. Spauwen","SPIESSENS AE":"mr. dr. A.E. Spiessens","STAATS GMCM":"mr. dr. G.M.C.M. Staats","STORMMESAND JJF":"mr. J.J.F. Stormmesand","TEKSTRA AJ":"mr. dr. A.J. Tekstra","TERRA ET":"drs. E.T. Terra","VEGT JM":"mr. J.M. van der Vegt","VEN GAM":"mr. drs. G.A.M. van de Ven","VERBERK FM":"mr. F.M. Verberk","VERGOUWEN TM":"mr. T.M. Vergouwen","VERHAGEN THJ":"mr. T.H.J. Verhagen","VERSTAPPEN MHT":"M.H.T. Verstappen MSC","VETTER JJ":"mr. J.J. Vetter","VROON A":"mr. A. Vroon","WEEREPAS MJGAM":"mr. dr. M.J.G.A.M. Weerepas","WERGER FM":"dr. F.M. Werger","WIJKERSLOOTH-LHOEST SAM":"mr. S.A.M. de Wijkerslooth-Lhoëst","WILLEMSEN B":"B. Willemsen LLM","WIT W":"prof. dr. W. de Wit","WOLF RA":"mr. dr. R.A. Wolf","WOLKERS A":"mr. A. Wolkers","ZWAN RJ":"mr. R.J. van der Zwan"}}]
