{"nlfnummer":"2018\/0383","kortkopje":"Nota n.a.v. het verslag implementatiewet Vierde antiwitwasrichtlijn","unid":"D12A9EA6D312B377C1258225006D2715","samenvatting":"<p>De minister van Financiën heeft de vragen van de Tweede Kamer over dit wetsvoorstel beantwoord. In het wetsvoorstel wordt geregeld dat banken, financiële ondernemingen en verschillende andere beroepsgroepen meer aandacht moeten gaan besteden aan de risico’s op witwassen en financieren van terrorisme. Deze instellingen, waartoe bijvoorbeeld ook trustkantoren, advocaten, notarissen, accountants en makelaars behoren, worden verplicht om de risico’s op witwassen en financieren van terrorisme in kaart te brengen en om beleid en procedures te ontwikkelen om deze risico’s te beheersen.<\/p><br><p>Het wetsvoorstel zet de afspraken in de Vierde antiwitwasrichtlijn om in Nederlandse wetgeving. Hiermee worden de bestaande regels die moeten voorkomen dat het financieel stelsel wordt gebruikt voor witwassen en financieren van terrorisme aangevuld. Dit leidt in Nederland hoofdzakelijk tot wijziging van de Wet ter voorkoming van witwassen en financieren van terrorisme (Wwft).<\/p><br><p>De twee belangrijkste verplichtingen in de Wwft blijven bestaan. Het gaat om de verplichting voor financiële ondernemingen om cliëntenonderzoek te verrichten en de verplichting om ongebruikelijke transacties te melden bij de Financiële inlichtingeneenheid.<\/p><br><p>Instellingen moeten onder de nieuwe wetgeving hun cliëntenonderzoek meer dan voorheen afstemmen op de risico’s van de cliënten, hun producten of diensten en de landen waarin de instelling werkzaam is. Dit kan betekenen dat een instelling meer informatie moet verzamelen, voordat haar diensten aan de cliënt kunnen worden geleverd.<\/p><br><p>Binnen de nieuwe wetgeving kunnen financiële ondernemingen en trustkantoren bij overtreding van de Wwft ook hogere boetes krijgen dan nu. Het maximum boetebedrag wordt verhoogd van € 4 miljoen naar € 5 miljoen. Ernstige overtredingen kunnen bovendien bestraft worden met een omzetgerelateerde boete.<\/p><br><p>Het wetsvoorstel geeft tot slot uitvoering aan de Europese verordening die regelt dat geldovermakingen volledig traceerbaar moeten zijn. Dit is een belangrijk hulpmiddel bij het voorkomen, opsporen en onderzoeken van witwassen en financieren van terrorisme.<\/p><br><p>Als bijlagen bij deze nota n.a.v. het verslag zijn de volgende documenten meegezonden:<\/p><br><ul><br><li>Consultatiereactie Nederlandse Vereniging voor Rechtspraak op conceptvoorstel implementatiewet Vierde antiwitwasrichtlijn.<\/li><br><li>Nota van wijziging (technische wijzigingen).<\/li><br><\/ul>","noten":[{"annotator":"Bas de Mik","werkzaambij":"Vrije Universiteit\/De Brauw Blackstone Westbroek","tekstnoot":"<p>De vierde richtlijn tegen witwassen en financieren van terrorisme en het onderhavige wetsvoorstel om deze te implementeren, kunnen op veel sympathie rekenen vanuit de samenleving. Daarnaast is een aantal verbeteringen aangebracht ten opzichte van de bestaande wetgeving. In de nieuwe wetgeving wordt veel duidelijker dan voorheen beschreven wanneer iemand een uiteindelijk gerechtigde (UBO) is, de due-diligence-procedures zijn wat aangescherpt en het aantal partijen dat melding dient te doen van ongebruikelijke transacties is verder toegenomen. Eveneens wordt de mogelijkheid geopend om bij financiële instellingen boetes op te leggen tot 10% van de netto-omzet. Hiervan zou een afschrikkende werking uitgaan. De wet heeft het karakter van een raamwet, waarbij relatief veel wordt gedelegeerd naar de minister. Eind januari van dit jaar heeft de minister een internetconsultatie geopend over een uitvoeringsbesluit<voetnoot>Zie ontwerp-Uitvoeringsbesluit Wwft 2018 van 31 januari 2018.<\/voetnoot>, waarin de details over het vaststellen van de UBO, prominente politieke functies en indicatoren voor rapportage worden beschreven.<\/p>\n<p><k2>De burger als onbezoldigd dienstverlener<\/k2><\/p>\n<p>Kritischer ben ik over het inzetten van de burger als onbezoldigd dienstverlener. Het ministerie van Justitie en Veiligheid is op zoek naar gegevens over mogelijke criminelen en besteedt deze taak onbezoldigd uit aan een groep van ongeveer 100.000 ondernemers.<voetnoot>Zie Kamerstukken II 2017\/18, 34 808, 3, p. 14.<\/voetnoot> Het is duidelijk dat de wetgever voelt dat er iets niet lekker zit. De memorie van toelichting (MvT) besteedt vier pagina’s aan de uitleg wat er verandert ten opzichte van vorige wetgeving. Vervolgens zijn vijf pagina’s berekeningen nodig om te vertellen dat het allemaal niet zoveel kost. Normaal wordt belasting geheven van alle burgers en bedrijven om overheidstaken te financieren. Criminaliteitsbestrijding, veiligheid, onderwijs, gezondheid en defensie behoren tot de gebieden die vanuit de algemene middelen worden gefinancierd. Een uitzondering op de financiering vanuit algemene middelen wordt gevonden in het adagium dat ‘de vervuiler betaalt’. Het is mijns inziens niet redelijk dat de samenleving de kosten draagt van problemen die worden gecreëerd door aanwijsbare vervuilers. Overigens wordt het adagium dat de vervuiler betaalt niet overal even hard gehanteerd. De Jellinek-kliniek bijvoorbeeld, een instelling voor verslavingszorg, wordt niet gefinancierd uit de winsten gemaakt door verkopers van drank en drugs, en producenten van sigaretten dragen ook nog steeds niet de maatschappelijke kosten van roken.<\/p>\n<p><k2>Balans ontbreekt in het financieringsmodel voor de Wwft<\/k2><\/p>\n<p>Bij de Wwft moet echter een beperkte groep personen kosten maken om opsporing van criminelen en terroristen mogelijk te maken, zonder dat ze zelf vervuiler zijn geweest. Het maatschappelijke belang dient naar mijn mening te worden gefinancierd uit algemene middelen. De balans bij deze wetgeving ligt dan ook verkeerd. De wetgeving mag deugen, maar het feit dat de kosten van de uitvoering bij enkelen wordt neergelegd klopt niet. Omgekeerd zal de overheid niet nalaten bij specifieke dienstverlening een rekening naar de burger te sturen. De Wet Markt en Overheid bijvoorbeeld voorziet erin dat de overheid al haar kosten in rekening dient te brengen bij de burger. Geen bouwvergunning zonder dat een schatting wordt gemaakt van de kostprijs en deze in de vorm van leges bij de burger terechtkomt. Misschien nog schrijnender is dat een deel van de partijen die hier de kosten van de Wwft dragen via de Wet Bekostiging Financieel Toezicht wél aan de overheid moet betalen voor het financieel toezicht dat door de overheid op hen wordt gehouden.<\/p>\n<p>Bijkomend effect van deze manier van financieren is dat de overheid niet de prikkel krijgt om efficiënt met middelen om te gaan. Wenselijk is het om te kijken naar rendement. Als € 100 miljoen additionele opbrengsten worden behaald en de kosten die daarmee samenhangen in dezelfde orde van grootte liggen, is het de vraag of dit een optimale aanwending is van publieke gelden. Een dergelijke manier van omgaan met publieke middelen is bijvoorbeeld bij besluiten om bepaalde geneesmiddelen te vergoeden ook gebruikelijk. Doordat men niet de lasten heeft, ontstaat in dit geval geen natuurlijke rem op de wens naar informatie.<\/p>\n<p>De inschatting van de kosten voor de marktpartijen die onbezoldigd voor de overheid mogen werken, lijken me verder aan de lage kant. In de MvT staat dat mensen voor incidentele werkzaamheden (20-100 uur) kunnen worden ingehuurd voor een uurtarief dat ligt tussen € 37 en € 54. Ik vraag me af of de overheid een beeld heeft wat inhuur kost. Een manuur van een loonwerker, toch niet bepaald hooggeschoolde arbeid, kost mij al € 37,50 per uur. De overheid zal daarnaast inmiddels toch ook wel weten dat automatiseringsprojecten meestal veel meer uren vergen dan geschat, als ze al praktisch uitvoerbaar zijn.<\/p>\n<p><k2>Verbetering van het maatschappelijk draagvlak<\/k2><\/p>\n<p>Natuurlijk kan het anders. Indien de overheid zou besluiten de 100.000 instellingen te financieren uit de behaalde opbrengsten en waar deze tekortschieten uit de algemene middelen, is al een hele stap genomen. De MvT zou zich dan een volgende keer weer kunnen richten op de inhoud van de wet.<\/p>"}],"METADATA":{"RUBRIEKEN":[{"RUBRIEKI":"Europees belastingrecht"}],"instantie":"MvF","datum instantie":"2018-01-31T00:00:00+01:00","rolnummer":"34 808, 6","NLF-nummer":"2018\/0383","JUDOREG":"NFB1296","Annotator":"Bas de Mik"},"sharelink":"https:\/\/www.nlfiscaal.nl\/nlf2018\/0383","endpointbron":"https:\/\/app.nlfiscaal.nl\/fiscanet\/fiscaal.nsf\/jsonapp\/B51076633FDBDB43C125822500539D3A?opendocument"}
