{"nlfnummer":"2018\/0387","kortkopje":"Duitse mini-job; uitsluiting Nederlandse volksverzekeringen; strijd met Unierecht?","unid":"D9759FD3C6E77C7EC1258228006B218E","samenvatting":"<p>X (belanghebbende) woont in de grensstreek in Nederland en heeft de Nederlandse nationaliteit. Op grond van de AKW heeft zij voor haar dochter aanvankelijk kinderbijslag ontvangen. Vanaf 1 januari 2001 is X in Duitsland in loondienst werkzaam geweest als kapster voor twintig uur per week.<\/p><br><p>Vanwege het geringe salaris dat X daarmee verdiende, werd zij ter zake van deze arbeidsverhouding volgens het Duitse recht aangemerkt als een ‘geringfügig Beschäftigte’. Een werknemer met een dergelijke arbeidsverhouding, dat wil zeggen een dienstverband waarbij de werknemer minder dan een bepaald aantal dagen in een tijdvak werkt of een relatief laag bedrag per maand verdient, behoort in Duitsland niet tot de kring der verzekerden voor de sociale verzekering, met uitzondering van de verzekering tegen arbeidsongevallen.<\/p><br><p>Artikel 6a, aanhef en onderdeel b, AKW brengt mee dat een ingezetene van Nederland niet verzekerd is voor de volksverzekeringen in Nederland indien deze ingezetene in een andere lidstaat werkt en op grond van artikel 13 Verordening 1408\/71 is onderworpen aan de socialezekerheidswetgeving van de werkstaat.<\/p><br><p>In het onderhavige geval komt X door de wettelijke regeling van de werkstaat niet meer voor kinderbijslag in aanmerking vanwege de beperkte omvang van haar werkzaamheden in Duitsland.<\/p><br><p>De Centrale Raad van Beroep heeft op 1 juli 2013 (ECLI:NL:CRVB:2013:783) in de onderhavige zaak prejudiciële vragen gesteld aan het HvJ. Het HvJ heeft de vragen op 23 april 2015 beantwoord (arrest Franzen e.a., C‑382\/13, ECLI:EU:C:2015:261). De Centrale Raad oordeelde vervolgens dat de Sociale Verzekeringsbank (SVB) X over de Duitse periode kinderbijslag moest toekennen. De SVB heeft tegen deze uitspraak cassatieberoep ingesteld.<\/p><br><p>De Hoge Raad stelt thans aanvullende prejudiciële vragen aan het HvJ. Gevraagd wordt of artikel 45 en 48 VWEU in de weg staan aan een nationale regeling als artikel 6a, aanhef en onderdeel b, AKW. De Hoge Raad vraag voorts of hierbij van belang is dat voor X de mogelijkheid bestond de SVB te verzoeken om een overeenkomst als bedoeld in artikel 17 Verordening 1408\/71 tot stand te brengen.<\/p><br><p>De zaak is aangehouden.<\/p><br><p>Conform Conclusie A-G Wattel.<\/p>","noten":[{"annotator":"Touria El Ouardi","werkzaambij":"BDO\/Universiteit van Amsterdam\/Erasmus Universiteit","tekstnoot":"<p><k2>Exclusieve werking Verordening 1408\/71 (thans: Verordening 883\/2004)<\/k2><\/p>\n<p>De aanwijsregels in Verordening 1408\/71 en Verordening 883\/2004 hebben een exclusieve werking: zij bepalen welk nationaal recht exclusief (en dus met uitsluiting van het nationale socialezekerheidsrecht van andere landen) van toepassing is in situaties van grensoverschrijdend werken binnen Europa. Deze zogenoemde aanwijsregels zijn opgenomen in Titel II Verordening 1408\/71 (thans: Titel II Verordening 883\/2004). De inrichting van het stelsel van sociale zekerheid betreft een nationale aangelegenheid. De verordeningen hebben hierbij dus een coördinerende rol en creëren geen verzekeringsplicht in de betreffende landen.<\/p>\n<p>Verzekerd voor de Algemene Kinderbijslagwet is op grond van artikel 6, lid 1, onderdeel a, AKW degene die ingezetene is. Artikel 6a, aanhef en onderdeel b, AKW (thans: artikel 6a, aanhef en onderdeel c, AKW), bepaalt dat niet als verzekerde wordt aangemerkt de persoon op wie op grond van een verdrag of een besluit van een volkenrechtelijke organisatie de wetgeving van een andere mogendheid van toepassing is. Aangezien over de grens wordt gewerkt en binnen de EU, zal moeten worden beoordeeld of belanghebbende op basis van de verordening onderworpen is aan het socialezekerheidsstelsel van Nederland dan wel Duitsland. In artikel 13, lid 2, onderdeel a, Verordening 1408\/71 (thans: artikel 11, lid 3, onderdeel a, Verordening 883\/2004) is de hoofdregel opgenomen die bepaalt dat als een persoon in een andere lidstaat woont, de persoon uitsluitend onderworpen is aan de wetgeving van de werkstaat. Als gevolg hiervan is belanghebbende onderworpen aan het socialezekerheidsstelsel van Duitsland. De Duitse socialezekerheidswetgeving bepaalt vervolgens dat belanghebbende vanwege haar ‘mini-job’ in haar Duitse arbeidsperiode alleen tegen arbeidsongevallen verzekerd was, en dus niet voor de Duitse algemene kinderbijslagwet. Dit geldt eveneens voor Duitse ingezetenen met een vergelijkbare mini-job.<\/p>\n<p><k2>Nederland tóch verplicht tot toekenning?<\/k2><\/p>\n<p>Een (terechte) vraag die vervolgens opkomt, is de vraag of het EU-recht Nederland als woonland van belanghebbende verplicht tot toekenning van AKW-aanspraken, ondanks dat er in Nederland geen socialezekerheidspremies geheven kunnen worden. Deze verplichting kan niet uit de verordening voortvloeien, doch slechts gelden indien het vrije verkeer van werknemers (artikel 45 VWEU jo. artikel 48 VWEU) een dergelijke verplichting meebrengt. Overigens zij opgemerkt dat, anders dan de overige volksverzekeringen in Nederland, de kinderbijslag op grond van de AKW (sinds 1 juli 1989) niet wordt gefinancierd door premieheffing, maar uit de algemene middelen.<\/p>\n<p><k2>In de herkansing<\/k2><\/p>\n<p>In een eerder stadium heeft de CRvB al een aantal prejudiciële vragen aan het HvJ voorgelegd. Hierbij is de belangrijkste vraag door het HvJ echter – vermoedelijk door onjuiste lezing van de andere prejudiciële vragen die gesteld werden – onbeantwoord gebleven. In onderhavige casus besluit de Hoge Raad – naar mijn mening terecht – deze vraag alsnog voor te leggen. De Hoge Raad gaat – conform het advies van de A-G – in de herkansing en stelt daarom de volgende aanvullende prejudiciële vragen:<\/p>\n<p> <\/p>\n<p>‘(1) Moeten de artikelen 45 en 48 VWEU aldus worden uitgelegd dat die bepalingen in een geval als het onderhavige in de weg staan aan een nationale regeling als artikel 6a, aanhef en letter b, van de AKW? Die regeling brengt mee dat een ingezetene van Nederland niet verzekerd is voor de volksverzekeringen van die woonstaat, indien deze ingezetene in een andere lidstaat werkt en op grond van artikel 13 van Verordening 1408\/71 is onderworpen aan de socialezekerheidswetgeving van de werkstaat. Het onderhavig geval kenmerkt zich erdoor dat belanghebbende op grond van de wettelijke regeling van de werkstaat niet voor kinderbijslag in aanmerking komt vanwege de beperkte omvang van haar werkzaamheden aldaar.<br \/>(2) Is voor de beantwoording van de vorige vraag van belang dat voor belanghebbende de mogelijkheid bestond de Svb te verzoeken om een overeenkomst als bedoeld in artikel 17 van Verordening 1408\/71 tot stand te brengen?’<\/p>\n<p> <\/p>\n<p>Indien het HvJ de eerste vraag bevestigend beantwoordt, zal dit in situaties zoals het onderhavige een – naar mijn mening niet acceptabele – inbreuk betekenen op de zogenoemde ‘exclusieve werking’ van de verordening. Aan de andere kant kan een ontkennend antwoord personen ook belemmeren om dergelijke mini-jobs over de grens te gaan verrichten, wat op zijn beurt weer een (ongeoorloofde) inbreuk op het Unierecht kan betekenen. Het HvJ zal ons dit keer hopelijk meer duidelijkheid geven.<\/p>"}],"METADATA":{"RUBRIEKEN":[{"RUBRIEKI":"Sociale verzekeringen"}],"instantie":"HR","datum instantie":"2018-02-02T00:00:00+01:00","rolnummer":"16\/03747","ecli":"ECLI:NL:HR:2018:127","NLF-nummer":"2018\/0387","JUDOREG":"NFB1298","Annotator":"Touria El Ouardi","formele relaties":[{"instantie":"CRvB: ","ecli":"<a href=\"https:\/\/app.nlfiscaal.nl\/fiscanet\/fiscaal.nsf\/0\/772A49EA9E4F803AC125822800388B7B?opendocument\">ECLI:NL:CRVB:2016:2144<\/a>"},{"instantie":"A-G: ","ecli":"<a href=\"https:\/\/app.nlfiscaal.nl\/fiscanet\/fiscaal.nsf\/0\/BD40DF8FCB32EE4AC12580FB00374CC5?opendocument\">ECLI:NL:PHR:2017:222<\/a>"}],"wetsartikelen":["Art 13 Richtlijn 1408\/71","Art 45 VWEU","Art 48 Verdrag betreffende de werking van de Europese Unie","Art 6a Algemene Kinderbijslagwet"]},"sharelink":"https:\/\/www.nlfiscaal.nl\/nlf2018\/0387","endpointbron":"https:\/\/app.nlfiscaal.nl\/fiscanet\/fiscaal.nsf\/jsonapp\/7CF6E43FFF71435BC12582280034F31B?opendocument"}
