{"nlfnummer":"2018\/0382","kortkopje":"Accijns; heffingsgrondslag van gearomatiseerd bier volgens de Plato-schaal","unid":"EC7094BA2276CA92C1258228006B99E2","samenvatting":"<p>In artikel 3 Richtlijn 92\/83 is bepaald dat de accijns die door de lidstaten op bier wordt geheven, wordt bepaald op grond van het aantal hectoliters\/graden Plato, ofwel het aantal hectoliters \/ effectief alcoholvolumegehalte van het eindproduct.<\/p><br><p>Kompania Piwowarska is een producent van onder meer gearomatiseerd bier. Zij heeft een geschil met de Poolse douane over de vaststelling van de berekeningswijze van het aantal graden Plato om de berekeningsgrondslag te bepalen van de accijns die zij verschuldigd is op de verkoop van gearomatiseerd bier voor de maand november 2014.<\/p><br><p>De verwijzende rechter heeft aan het HvJ gevraagd of voor de berekening van het aantal graden Plato van gearomatiseerd bier de droge stof van het stamwort of de droge stof van het eindproduct, met inbegrip van de ingrediënten die na de gisting zijn toegevoegd, namelijk de smaakstoffen en de suikersiroop, in aanmerking moet worden genomen. De uitlegging waarom het HvJ wordt verzocht, zal de eerste uitlegging zijn van artikel 3, lid 1, Richtlijn 92\/83 en van het begrip ‘graad Plato’.<\/p><br><p>A-G Bot meent dat bij de vaststelling van de heffingsgrondslag van gearomatiseerd bier volgens de Plato-schaal de na afloop van de gisting toegevoegde smaakstoffen en suikers buiten beschouwing moeten worden gelaten.<\/p>","noten":[{"annotator":"Emma van Doornik","werkzaambij":"Deloitte","tekstnoot":"<p><k2>Concurrentieverstoring<\/k2><\/p>\n<p>Ondanks dat in veel EU-lidstaten gearomatiseerd bier wordt verkocht, is dit de eerste keer dat het HvJ wordt gevraagd om een uitlegging van artikel 3, lid 1, Richtlijn 92\/83 dat ziet op de vaststelling van accijns en het daarin opgenomen begrip ‘graad Plato’, welk begrip nodig is voor het berekenen van de hoogte van de verschuldigde accijns op (gearomatiseerd) bier. Hieruit zou men kunnen opmaken dat het belang van dit arrest niet groot is; kennelijk heeft dit artikel en het daarin opgenomen begrip ‘graad Plato’ niet eerder tot problemen geleid. Maar schijn bedriegt.<\/p>\n<p>Blijkens de conclusie van A-G Bot hanteren verschillende lidstaten op basis van dit artikel uit Richtlijn 92\/83 verschillende berekeningsmethoden voor het bepalen van de hoogte van de accijns op gearomatiseerd bier. Zo hanteert een deel van de lidstaten de methode die de Poolse autoriteiten voorstaan, namelijk de berekening van het aantal graden Plato, inclusief de na gisting toegevoegde ingrediënten. Andere lidstaten hanteren de methode die Kompania Piwowarska voorstaat, namelijk de berekening van het aantal graden Plato op basis van het stamwort. Stamwort is een tussenproduct dat bestaat uit water en bieringrediënten, voorbereid voor de gisting. Dit leidt tot verschillende belastingniveaus en kan concurrentieverstoring binnen de EU tot gevolg hebben. Kijkend naar een verslag van de Europese Commissie aan de Raad over de evaluatie van de Richtlijn van 28 oktober 2016 (COM 2016\/676), valt te lezen dat het doel van de Richtlijn is te zorgen voor de goede werking van de interne markt, waaronder het vermijden van verstoring van de concurrentievoorwaarden, waardoor het vrije verkeer van producten in deze sector wordt gewaarborgd. Het is mijns inziens dan ook wel degelijk van belang dat het HvJ artikel 3, lid 1, Richtlijn 92\/83 en het daarin opgenomen begrip ‘graad Plato’ uitlegt, zodat duidelijk wordt welke berekeningsmethode dient te worden gehanteerd door de lidstaten. Het is afwachten of het HvJ hierbij de lijn volgt van A-G Bot, zoals hieronder weergegeven.<\/p>\n<p><k2>Graad Plato voor of na gisting?<\/k2><\/p>\n<p>Omdat artikel 3, lid 1, Richtlijn 92\/83 en het daarin opgenomen begrip ‘graad Plato’ verder nergens wordt uitgelegd in EU-wetgeving, beoordeelt A-G Bot de vraag van de verwijzende rechter op basis van een aantal parameters. Dit zijn de bewoordingen van de bepaling, de context ervan en de doelstelling van de betrokken richtlijn.<\/p>\n<p>Wat de eerste parameter betreft, beoordeelt de A-G diverse elementen waaronder de gebruikelijke betekenis van het begrip ‘graad Plato’ in het brouwerijwezen, het begrip ‘eindproduct’ zoals opgenomen in artikel 3, lid 1, Richtlijn 92\/83 en de toepassing van de zogenoemde formule van Balling. Uit die elementen leidt de A-G uiteindelijk af dat de bewoording van dat artikel niet vereist dat de na gisting toegevoegde smaakstoffen en de suikersiroop in de berekening van het aantal graden Plato van gearomatiseerd bier wordt opgenomen. Wat de context betreft, twijfelt A-G Bot geen moment. In Richtlijn 92\/83 is immers een vrijstelling voor het Verenigd Koninkrijk opgenomen, die is gebaseerd op de graad Plato berekend voor gisting. Richtlijn 92\/83 zal niet verschillende berekeningsmethoden willen hanteren voor een vrijstelling of juist heffing van accijns. Ook wat de laatste parameter betreft, is A-G Bot duidelijk. Richtlijn 92\/83 is bedoeld om de verbruikte alcohol te belasten. Als de berekeningsmethode van de Poolse autoriteiten wordt gehanteerd, dan betekent dit dat gearomatiseerd bier hoger belast is met accijns dan ‘gewoon’ bier, terwijl het alcoholpercentage gelijk is. Dit kan de bedoeling van de wetgever niet zijn en dat is mijns inziens een terechte conclusie.<\/p>"}],"METADATA":{"RUBRIEKEN":[{"RUBRIEKI":"Europees belastingrecht"}],"instantie":"A-G HvJ","datum instantie":"2018-02-01T00:00:00+01:00","rolnummer":"C‑30\/17","ecli":"ECLI:EU:C:2018:54","NLF-nummer":"2018\/0382","JUDOREG":"NFB1295","Annotator":"Emma van Doornik"},"sharelink":"https:\/\/www.nlfiscaal.nl\/nlf2018\/0382","endpointbron":"https:\/\/app.nlfiscaal.nl\/fiscanet\/fiscaal.nsf\/jsonapp\/7B3DEF79DD992289C12582270044EADB?opendocument"}
