{"nlfnummer":"2018\/0374","kortkopje":"Volleybalspeelsters zijn afnemer van dienst sportmakelaar en niet buitenlandse clubs","unid":"F1C70566D57A03E1C125822C006C0548","samenvatting":"<p>A verricht – tot 2011 in vof-vorm – activiteiten op het gebied van sportmanagement. In het kader van deze werkzaamheden zijn overeenkomsten gesloten tussen Nederlandse volleybalspeelsters en buitenlandse volleybalclubs. A factureert aan de betreffende club een bedrag van 10% van het nettosalaris van de speelster onder de naam ‘management fee’. De club betaalt deze fee.<\/p><br><p>Over 2009 is een omzet gerealiseerd van € 14.705. Aan deze omzet liggen vier facturen aan buitenlandse clubs ten grondslag, waarop geen omzetbelasting is vermeld.<\/p><br><p>Volgens de Inspecteur had A op zijn facturen aan de clubs omzetbelasting moeten vermelden, omdat de plaats van dienst Nederland is. A is als dienstverrichter namelijk in Nederland gevestigd.<\/p><br><p>Vof X (belanghebbende) stelt daarentegen dat de buitenlandse club als opdrachtgever worden aangemerkt.<\/p><br><p>Aangezien er facturen zijn die op naam van de clubs staan en de clubs deze facturen bovendien hebben betaald, geldt als bewijsvermoeden dat de clubs de afnemer zijn van de prestatie (HR 2 december 2011, 43.813, <a href=\"\/fiscanet\/fiscaal.nsf\/0\/95194294C65DDCEDC125795A003863C8?opendocument\">ECLI:NL:HR:2011:BU6535<\/a> en HR 14 april 2017, 15\/01901, <a href=\"\/fiscanet\/fiscaal.nsf\/0\/BCB6B7681F535C93C12581020032681C?opendocument\">ECLI:NL:HR:2017:680<\/a>, <a href=\"\/fiscanet\/fiscaal.nsf\/0\/BCB6B7681F535C93C12581020032681C?opendocument\">NLF 2017\/0964<\/a>, met noot van Van Esdonk-Bongaarts), oordeelt Rechtbank Gelderland. De Inspecteur moet het bewijsvermoeden dat volgt uit de facturen daarom ontzenuwen.<\/p><br><p>Volgens de Rechtbank is de Inspecteur daarin geslaagd. A heeft primair de belangen van de speelsters behartigd. De speelsters zijn aan te merken als de afnemers van de prestaties. De plaats van de diensten is Nederland, aangezien zich volgens de Rechtbank geen wettelijke uitzondering voordoet op de hoofdregel van artikel 6, lid 1, Wet OB 1968. De Rechtbank concludeert dat X omzetbelasting moest berekenen voor de werkzaamheden van A. De Inspecteur heeft deze omzetbelasting terecht nageheven. Het beroep is toch nog gegrond in verband met de uitkomst van het latere controlerapport dat tot een lager bedrag concludeert.<\/p>","noten":[{"annotator":"Barry Willemsen","werkzaambij":"Belastingdienst","tekstnoot":"<p>De beschrijving van de feiten in deze uitspraak doet vermoeden dat het procesdossier geen overvloed aan informatie over het relevante belastingtijdvak bevatte. De Rechtbank moet de nodige inductieve vaardigheden aan de dag leggen om aan de hand van stukken en informatie die veelal zien op latere jaren tot een feitencomplex te komen waarover zij een oordeel kan vellen. Dat is ook nodig, want de zaak betreft in de kern het bepalen van de afnemer van de door belanghebbende verrichte prestatie. Daartoe moet worden vastgesteld tussen welke partijen de rechtsbetrekking bestond die tot de dienstverlening aanleiding gaf:<voetnoot>HR 1 mei 2015, 13\/06113, <a href=\"https:\/\/www.nlfiscaal.nl\/fiscanet\/fiscaal.nsf\/0\/812EF16B7B8AB04EC1257E3800333C4B?opendocument\">ECLI:NL:HR:2015:1173<\/a>, r.o. 2.3.2.<\/voetnoot> een feitelijke aangelegenheid, die een aanzienlijke bewijsproblematiek in zich draagt.<\/p>\n<p><k2>Een strijd tussen twee vermoedens<\/k2><\/p>\n<p>De Rechtbank hijst zich bij aanvang van haar oordeel in een moeilijke bewijsrechtelijke trapeze. Zij plaatst het wettelijke vermoeden van artikel 37e Wet OB 1968 (in het jaar 2009 was dat overigens nog artikel 32 Wet OB 1968) tegenover het rechterlijke vermoeden van het arrest van 2 december 2011<voetnoot>HR 2 december 2011, 43.813, <a href=\"https:\/\/www.nlfiscaal.nl\/fiscanet\/fiscaal.nsf\/0\/95194294C65DDCEDC125795A003863C8?opendocument\">ECLI:NL:HR:2011:BU6535<\/a>.<\/voetnoot> en beslist vervolgens dat laatstgenoemd vermoeden het bij de verdeling van de bewijslast ‘wint’. Ik twijfel of die redenering juist is, omdat de twee vermoedens niet dezelfde lading dekken. Het wettelijke vermoeden ziet op een vermoeden over de plaats van dienst als geheel. Het rechterlijke vermoeden ziet uitsluitend op het bepalen van de afnemer van een prestatie. De status van de afnemer was, onder de wetgeving van 2009, weliswaar een <em>element<\/em> van de plaats-van-dienstbepalingen, maar was nooit op zichzelf doorslaggevend voor de bepaling van de plaats van dienst. Ingevolge het oude artikel 6, lid 2, onderdeel d, Wet OB 1968 was voor afwijking van de hoofdregel dat de dienst in Nederland werd verricht immers ook vereist dat de dienst <em>naar zijn aard<\/em> onder een van de in die bepaling beschreven categorieën viel. Volgens r.o. 33 van de Rechtbankuitspraak is de dienstverlening van belanghebbende niet van een dergelijke aard, althans dat is niet gesteld of gebleken.<\/p>\n<p>Als dat zo is, bestond volgens mij van meet af aan geen reden om het wettelijke bewijsvermoeden geheel aan de kant te schuiven. Het rechterlijke vermoeden van het arrest van 2 december 2011 dekt immers niet de<em> aard<\/em> van de verrichte diensten. Eigenlijk had de zaak daarmee al afgedaan kunnen worden, omdat de plaats van een dienst die niet onder een specifieke uitzondering valt, gelet op de regelgeving in 2009 (oud artikel 6, lid 1, Wet OB 1968), sowieso Nederland is. Onder de huidige regelgeving zou de problematiek interessanter zijn, omdat daarbij – in hoofdregelsituaties – de enkele identiteit en status van de afnemer inderdaad volstaan om de plaats van dienst te bepalen.<\/p>\n<p><k2>De bewijsvoering<\/k2><\/p>\n<p>Uiteindelijk maakt dit alles voor de uitkomst van deze zaak niets uit. De Rechtbank oordeelt dat de Inspecteur slaagt in het ontzenuwen van het bewijsvermoeden. Dat is opmerkelijk, gelet op de weinige informatie die volgens de feitenbeschrijving over het jaar 2009 beschikbaar was. Het lijkt uiteindelijk een opeenstapeling van feiten uit verschillende jaren en met betrekking tot verschillende dienstverleningstrajecten te zijn, die de Rechtbank overtuigt dat belanghebbende, wat betreft de dienstverlening in 2009, rechtsbetrekkingen moet hebben onderhouden met de speelsters en niet met de clubs. De contractuele aanwijzing van belanghebbende als vertegenwoordiger van de speelster, het feit dat afspraken over de commissie werden gemaakt tussen de club en de speelster, het feit dat al een speelster was gevonden vóór het moment waarop een eventuele overeenkomst met de club ontstond, het speelt allemaal een rol. Dat belanghebbende in de aanloop naar de uitspraak contradictoire verklaringen heeft afgelegd over zijn afnemerskring, zal in deze procedure ook niet in zijn voordeel hebben gewerkt.<\/p>\n<p><k2>Belang voor de praktijk<\/k2><\/p>\n<p>Het komt veelvuldig voor dat sportclubs facturen ontvangen van tussenpersonen in verband met dienstverlening waarbij speler en club bij elkaar worden gebracht. Daarbij kan zich het fiscale vraagstuk voordoen of de club de afnemer is van de prestatie en dus recht heeft op aftrek van voorbelasting. Als deze zaak ons iets over de behandeling van dergelijke vraagstukken leert, dan is het dat de diensten van tussenpersonen talloze vormen kunnen aannemen en dat gedegen feitelijk onderzoek, wellicht nog meer dan bij andere vraagstukken, onmisbaar is om de fiscale gevolgen van die diensten te duiden.<\/p>"}],"METADATA":{"RUBRIEKEN":[{"RUBRIEKI":"Omzetbelasting"}],"instantie":"Rechtbank Gelderland","datum instantie":"2018-01-30T00:00:00+01:00","rolnummer":"16\/5516","ecli":"ECLI:NL:RBGEL:2018:369","NLF-nummer":"2018\/0374","JUDOREG":"NFB1288","Annotator":"Barry Willemsen","wetsartikelen":["Artikel 6 lid 1 Wet OB 1968"],"NFLT-termen":["Hoofdregeldienst (B2B)"]},"sharelink":"https:\/\/www.nlfiscaal.nl\/nlf2018\/0374","endpointbron":"https:\/\/app.nlfiscaal.nl\/fiscanet\/fiscaal.nsf\/jsonapp\/3CBB177BB9872B6CC1258228004D5E81?opendocument"}
