{"nlfnummer":"2018\/0388","kortkopje":"Duitse mini-jobs en het Nederlandse socialezekerheidsstelsel; prejudiciële vragen","unid":"F73DF3439CBE5E11C1258228006B29AD","samenvatting":"<p>X2 en de echtgenote van X1 wonen in Nederland en hebben de Nederlandse nationaliteit. Zij zijn een aantal jaren als ‘geringfügig Beschäftigte’ in Duitsland werkzaam geweest. Een werknemer met een dergelijke arbeidsverhouding, dat wil zeggen een dienstverband waarbij de werknemer minder dan een bepaald aantal dagen in een tijdvak werkt of een relatief laag bedrag per maand verdient, behoort in Duitsland niet tot de kring der verzekerden voor de sociale verzekeringen, met uitzondering van de verzekering tegen arbeidsongevallen.<\/p><br><p>Artikel 6a, aanhef en onderdeel b, AOW brengt mee dat een ingezetene van Nederland niet verzekerd is voor de volksverzekeringen van die woonstaat, indien deze ingezetene in een andere lidstaat werkt en op grond van artikel 13 Verordening 1408\/71 is onderworpen aan de socialezekerheidswetgeving van de werkstaat.<\/p><br><p>Voor de Centrale Raad van Beroep was in geschil of de SVB terecht voor X2 en voor de echtgenote van X1 geen verzekering voor de AOW heeft aangenomen gedurende de perioden waarin zij in Duitsland werkzaam waren als ‘geringfügig Beschäftigte’. In dit verband is de vraag gerezen of uitsluiting van de AOW verzekering gedurende die perioden in strijd is met het EU-recht.<\/p><br><p>De Centrale Raad van Beroep heeft op 1 juli 2013 (ECLI:NL:CRVB:2013:783) in de onderhavige zaak prejudiciële vragen gesteld aan het HvJ. Het HvJ heeft de vragen op 23 april 2015 beantwoord (arrest Franzen e.a., C-382\/13, ECLI:EU:C:2015:261). De Centrale Raad oordeelde vervolgens dat de SVB X2 en de echtgenote van X1 over de Duitse periode niet mocht korten op de AOW.<\/p><br><p>De SVB heeft daarop cassatieberoep ingesteld.<\/p><br><p>De Hoge Raad stelt thans aanvullende vragen aan het HvJ.<\/p><br><p>Gevraagd wordt of artikel 45 en 48 VWEU in gevallen als de onderhavige in de weg staan aan een nationale regeling als artikel 6a, aanhef en onderdeel b, AOW. De Hoge Raad vraagt verder onder meer of hierbij van belang is dat voor betrokkenen de mogelijkheid bestond een vrijwillige verzekering op grond van de AOW af te sluiten, dan wel dat voor hen de mogelijkheid bestond de SVB te verzoeken om een overeenkomst als bedoeld in artikel 17 Verordening 1408\/71 tot stand te brengen. De Hoge Raad vraagt tevens of gedachtegang van het arrest Bosmann (C-352\/06, ECLI:EU:C:2008:290) in het geval van de echtgenote van X1 kan worden toegepast.<\/p><br><p>De zaak wordt aangehouden.<\/p><br><p>Conform Conclusie A-G Wattel.<\/p>","noten":[{"annotator":"Touria El Ouardi","werkzaambij":"BDO\/Universiteit van Amsterdam\/Erasmus Universiteit","tekstnoot":"<p>De onderhavige casus betreft een soortgelijke casus als in <a href=\"https:\/\/www.nlfiscaal.nl\/fiscanet\/fiscaal.nsf\/0\/7CF6E43FFF71435BC12582280034F31B?opendocument\">NLF 2018\/0387<\/a>, doch betreft niet AKW-aanspraken, maar aanspraken op basis van de Algemene Ouderdomswet. In tegenstelling tot de AKW wordt in geval van verzekeringsplicht in Nederland van de kring der verzekerden voor de AOW een premie geheven. Onder voorwaarden bestaat bovendien de mogelijkheid om – gedurende een niet-verplichte verzekeringsperiode – in Nederland een vrijwillige verzekering voor de AOW af te sluiten.<\/p>\n<p>Aangezien ook in deze casus het HvJ in een eerder stadium de belangrijkste prejudiciële vraag omtrent het Unierecht (eveneens) onbeantwoord heeft gelaten, besluit de Hoge Raad in deze casus een aantal aanvullende prejudiciële vragen te stellen.<\/p>\n<p><k2>Toepassen van Bosmann-arrest naar analogie?<\/k2><\/p>\n<p>Met de laatste prejudiciële vraag wenst de Hoge Raad te vernemen of in de onderhavige situatie conform het Bosmann-arrest het HvJ de mogelijkheid aanvaardt dat een – op basis van de verordening – niet-bevoegde lidstaat overeenkomstig zijn nationale recht een uitkering toekent aan een persoon die op zijn grondgebied woont. Het HvJ beantwoordde deze vraag in het Bosmann-arrest bevestigend, maar stelde wel als aanvullende voorwaarde dat het dan moet gaan om een recht op uitkering dat in de nationale wetgeving niet afhankelijk is gesteld van voorwaarden inzake werkzaamheden in loondienst of inzake verzekering. Het recht op (een toeslag op) een ouderdomspensioen op grond van de AOW is in Nederland echter wel afhankelijk van voorwaarden inzake verzekering: voor niet-verzekerde tijdvakken wordt een korting toegepast en financiering van de AOW vindt plaats op basis van premieheffing van verzekerden. Indien het HvJ zou stellen dat de gedachtegang van het Bosmann-arrest ook voor de toepassing van de AOW geldt en daarom een AOW-uitkering kan worden toegekend, zou dit echter tot een onevenwichtige financiering van de verzekering kunnen leiden: immers, op basis van de verordening mag Nederland geen AOW-premies heffen, maar zou dan wel AOW-uitkeringen (kunnen) toekennen. Ik verwacht daarom dat het HvJ zal concluderen dat de gedachtegang van het Bosmann-arrest voor de AOW niet opgaat.<\/p>"}],"METADATA":{"RUBRIEKEN":[{"RUBRIEKI":"Sociale verzekeringen"}],"instantie":"HR","datum instantie":"2018-02-02T00:00:00+01:00","rolnummer":"16\/03746","ecli":"ECLI:NL:HR:2018:126","NLF-nummer":"2018\/0388","JUDOREG":"NFB1299","Annotator":"Touria El Ouardi","formele relaties":[{"instantie":"CRvB: ","ecli":"<a href=\"https:\/\/app.nlfiscaal.nl\/fiscanet\/fiscaal.nsf\/0\/779CEBD7FD200593C1258228003E41EF?opendocument\">ECLI:NL:CRVB:2016:2145<\/a>"},{"instantie":"A-G: ","ecli":"<a href=\"https:\/\/app.nlfiscaal.nl\/fiscanet\/fiscaal.nsf\/0\/BD40DF8FCB32EE4AC12580FB00374CC5?opendocument\">ECLI:NL:PHR:2017:222<\/a>"}],"wetsartikelen":["Art 6a Algemene Ouderdomswet","Art 13 Richtlijn 1408\/71","Art 45 VWEU","Art 48 Verdrag betreffende de werking van de Europese Unie"]},"sharelink":"https:\/\/www.nlfiscaal.nl\/nlf2018\/0388","endpointbron":"https:\/\/app.nlfiscaal.nl\/fiscanet\/fiscaal.nsf\/jsonapp\/4151E6B0EDAC9835C12582280034C539?opendocument"}
