{"Inhoudsopgave":[{"Items":[{"Inkomstenbelasting":[{"nlfnummer":"2018\/0361","kortkopje":"Interest Rate Swap kwalificeert als box 3-bezitting\/schuld (1)","file":"506DC9070AACE069C1258228006B0E13.json","annotator":"Corné Brouwers"},{"nlfnummer":"2018\/0362","kortkopje":"Kosten diepwoelen activeren als aanschaffingskosten grond; toerekening subsidie","file":"38D2B2042E6560C5C125822000791263.json","annotator":"Warner Bruins Slot"},{"nlfnummer":"2018\/0363","kortkopje":"Gezamenlijke aankoop eigen woning en aangaan eigenwoningschuld partners","file":"C772D90C2A0F72E1C1258226006B5883.json","annotator":"Jelle van den Berg"},{"nlfnummer":"2018\/0364","kortkopje":"Schenking van € 20.000 door zakelijke relatie behoort tot winst fiscaal adviseur","file":"383188BA9F2588CEC125822C006C7455.json"}]},{"Inkomstenbelasting/Omzetbelasting":[{"nlfnummer":"2018\/0365","kortkopje":"Via distributienetwerk genoten provisies belast in IB\/PVV en OB","file":"7546BB76AB7E34DDC12582320068EA69.json"}]},{"Inkomstenbelasting/Formeel belastingrecht":[{"nlfnummer":"2018\/0366","kortkopje":"Revisierente i.v.m. afkoop lijfrente; geen individuele buitensporige last","file":"9F32084F73D30DEFC1258230002CF032.json","annotator":"Eddo Hageman"},{"nlfnummer":"2018\/0367","kortkopje":"Revisierente geen individuele en buitensporige last","file":"90C76ED51238E7F6C12582230066EAC0.json"},{"nlfnummer":"2018\/0368","kortkopje":"Mogelijke grove schuld van fiscaal adviseur niet toegerekend aan echtgenote","file":"14003F5BC7E229D6C125822C006C57F3.json"}]},{"Loonbelasting":[{"nlfnummer":"2018\/0369","kortkopje":"Afdrachtvermindering onderwijs; toepassing cafetariasysteem; terugwerkende kracht (1)","file":"559019412D6BCB53C125821E0072266B.json","annotator":"Ferhat Aksoy"},{"nlfnummer":"2018\/0370","kortkopje":"Afdrachtvermindering onderwijs; beroepspraktijkvorming; geen diploma","file":"82B79854A516C037C125821E00723907.json","annotator":"Ferhat Aksoy"},{"nlfnummer":"2018\/0371","kortkopje":"Werkkostenregeling niet voor bonusaandelen","file":"75C6E11B8DCED50CC125822300449A01.json","annotator":"Frank Werger"}]},{"Omzetbelasting":[{"nlfnummer":"2018\/0372","kortkopje":"Aftrek voorbelasting t.a.v. vooruitbetaling; zekerheid omtrent levering","file":"8ACBA1CAA4E71531C1258225006D7BA1.json","annotator":"Wouter Blokland"},{"nlfnummer":"2018\/0373","kortkopje":"In Duitsland wonende ondernemer heeft voor btw vaste inrichting in Nederland","file":"0DC6A3FD6F481062C1258225006D9EA4.json","annotator":"Madeleine Merkx"},{"nlfnummer":"2018\/0374","kortkopje":"Volleybalspeelsters zijn afnemer van dienst sportmakelaar en niet buitenlandse clubs","file":"F1C70566D57A03E1C125822C006C0548.json","annotator":"Barry Willemsen"}]},{"Omzetbelasting/Formeel belastingrecht":[{"nlfnummer":"2018\/0375","kortkopje":"E-mail met twee gebreken aangemerkt als tijdig beroepschrift; geen naheffingsgrond","file":"2F43DC07EC32D517C1258230002C96D3.json"}]},{"Schenk- en erfbelasting":[{"nlfnummer":"2018\/0376","kortkopje":"Juist Hof-oordeel over verjaring navorderingsbevoegdheid successierecht","file":"940EDC100E06EF69C12582230066E2D7.json","annotator":"Theo Hoogwout"},{"nlfnummer":"2018\/0377","kortkopje":"Geen navorderingsbevoegdheid voor nalatenschap die is vrijgevallen vóór 1985","file":"1F58916DF0B2DC6AC125822300676EF6.json","annotator":"Nicole Gubbels"},{"nlfnummer":"2018\/0378","kortkopje":"Brief kabinetsreactie evaluaties giftenaftrek anbi’s en publicatieplicht anbi’s","file":"98CE4764189A84CCC125822300446734.json","annotator":"Peter Jansen"}]},{"Formeel belastingrecht":[{"nlfnummer":"2018\/0379","kortkopje":"Geen kostenvergoeding voor telefonisch horen na gegrondverklaring bezwaar","file":"914B272BD09EEF02C1258221006F6B03.json","annotator":"Wendy Nent"},{"nlfnummer":"2018\/0380","kortkopje":"Ten onrechte onbehandeld gelaten maar kansloze stelling; geen dwangsom","file":"98680EA2E5AB094DC1258221006F795C.json","annotator":"Ludwijn Jaeger"},{"nlfnummer":"2018\/0381","kortkopje":"Terechte medeplegersboete voor medewerker administratiekantoor","file":"0FB6506EDD0FC12CC1258216004C46A3.json","annotator":"Mark Hendriks"}]},{"Europees belastingrecht":[{"nlfnummer":"2018\/0382","kortkopje":"Accijns; heffingsgrondslag van gearomatiseerd bier volgens de Plato-schaal","file":"EC7094BA2276CA92C1258228006B99E2.json","annotator":"Emma van Doornik"},{"nlfnummer":"2018\/0383","kortkopje":"Nota n.a.v. het verslag implementatiewet Vierde antiwitwasrichtlijn","file":"D12A9EA6D312B377C1258225006D2715.json","annotator":"Bas de Mik"},{"nlfnummer":"2018\/0384","kortkopje":"Prejudiciële vragen over wederzijdse bijstand bij invordering en faillissementen","file":"2B80B4E21C3F000FC125822E006B64BE.json"}]},{"Internationaal belastingrecht/Loonbelasting":[{"nlfnummer":"2018\/0385","kortkopje":"Kamervragen over dubbele belastingheffing pensioenen Belgische grensarbeiders","file":"BB53F0A8762AAD48C1258230002C1B02.json"}]},{"Autobelastingen":[{"nlfnummer":"2018\/0386","kortkopje":"Naheffing BPM in verband met invoer schadeauto; onafhankelijkheid taxateurs","file":"A7645A9211BEC378C1258228006C436B.json","annotator":"Heleen Elbert"}]},{"Sociale verzekeringen":[{"nlfnummer":"2018\/0387","kortkopje":"Duitse mini-job; uitsluiting Nederlandse volksverzekeringen; strijd met Unierecht?","file":"D9759FD3C6E77C7EC1258228006B218E.json","annotator":"Touria El Ouardi"},{"nlfnummer":"2018\/0388","kortkopje":"Duitse mini-jobs en het Nederlandse socialezekerheidsstelsel; prejudiciële vragen","file":"F73DF3439CBE5E11C1258228006B29AD.json","annotator":"Touria El Ouardi"}]},{"Kansspelbelasting/Formeel belastingrecht":[{"nlfnummer":"2018\/0389","kortkopje":"Heffing KSB over vóór 1 november 2008 gewonnen prijzen minus inzet; begunstigend beleid","file":"0D0E0200C00554A8C125822E005FEB05.json"}]},{"Opinies":[{"nlfnummer":"2018\/0006","kortkopje":"Is de ‘derde weg’ begaanbaar? Talentvol en fatsoenlijk als richtsnoer","file":"412820C00A4931BFC125822E00635FED.json","annotator":"Paul de Haan"},{"nlfnummer":"2018\/0007","kortkopje":"Zzp’er zijn. Leven tussen hoop en vrees","file":"61EA9D01F7DC8CE1C1258231003B4CB8.json","annotator":"Felix Peppelenbosch"}]}]},{"Overige rechtspraak en actualiteiten":"overig.json"},{"Literatuuroverzicht":"tijdschrift.json"},{"Colofon":"colofon.json"}]}
