[{"nlfnummer":"2018\/0390","kortkopje":"Interest Rate Swap kwalificeert als box 3-bezitting\/schuld (2)","unid":"C885B2B50A05D214C1258228006B44B8","rubriek":" Inkomstenbelasting","instantie":"HR","rolnummer":"17\/00122","ecli":"ECLI:NL:HR:2018:124","endpointbron":"https:\/\/app.nlfiscaal.nl\/fiscanet\/fiscaal.nsf\/0\/D60B1425E6215B97C12582280039DA7D?opendocument"},{"nlfnummer":"2018\/0391","kortkopje":"Inkomsten van actrice kwalificeren niet als winst uit onderneming","unid":"1E70BE41F81FC9A3C125822D006ED26A","rubriek":" Inkomstenbelasting","instantie":"Hof Amsterdam","rolnummer":"16\/00379","ecli":"ECLI:NL:GHAMS:2018:285","endpointbron":"https:\/\/app.nlfiscaal.nl\/fiscanet\/fiscaal.nsf\/0\/5F61F51ACC049B6FC125822D00319DAF?opendocument"},{"nlfnummer":"2018\/0392","kortkopje":"Ontslagvergoeding vormt belastbaar inkomen uit werk en woning","unid":"F221831DCA13CE4DC1258230002CE2FE","rubriek":" Inkomstenbelasting","instantie":"Hof Arnhem-Leeuwarden","rolnummer":"17\/00771","ecli":"ECLI:NL:GHARL:2018:1140","endpointbron":"https:\/\/app.nlfiscaal.nl\/fiscanet\/fiscaal.nsf\/0\/95F0391049BEF2E3C125822F002C2AD8?opendocument"},{"nlfnummer":"2018\/0393","kortkopje":"Terechte informatiebeschikkingen i.v.m. buitenlands vermogen","unid":"9792DE7C7C1A40D3C125822D006EF37E","rubriek":" Inkomstenbelasting","instantie":"Hof Arnhem-Leeuwarden","rolnummer":"16\/01238 en 16\/01239","ecli":"ECLI:NL:GHARL:2018:773","endpointbron":"https:\/\/app.nlfiscaal.nl\/fiscanet\/fiscaal.nsf\/0\/63962EDD71D91655C1258228002C360F?opendocument"},{"nlfnummer":"2018\/0394","kortkopje":"Tbs-regeling in casu niet van toepassing op gecedeerde vordering","unid":"655BBF82EA67E287C125822B0066BD39","rubriek":" Inkomstenbelasting","instantie":"Rechtbank Gelderland","rolnummer":"16\/1868 en 16\/1870","ecli":"ECLI:NL:RBGEL:2018:201","endpointbron":"https:\/\/app.nlfiscaal.nl\/fiscanet\/fiscaal.nsf\/0\/E93E6A5CA537FBC4C125822800424911?opendocument"},{"nlfnummer":"2018\/0395","kortkopje":"Kosten behandelingen door tandarts\/orthodontist in Rusland volledig aftrekbaar","unid":"7F9ADD37C282FA38C125822D006EC1B0","rubriek":" Inkomstenbelasting","instantie":"Rechtbank Noord-Nederland","rolnummer":"17\/2755","ecli":"ECLI:NL:RBNNE:2018:318","endpointbron":"https:\/\/app.nlfiscaal.nl\/fiscanet\/fiscaal.nsf\/0\/6883E25134F58C3AC125822D0047DB44?opendocument"},{"nlfnummer":"2018\/0396","kortkopje":"Geen Nederlandse heffing i.v.m. Zwitsers vermogen van in Duitsland gedetineerde","unid":"F468A614DF28D764C125822E005FCCB4","rubriek":" Inkomstenbelasting\/ Internationaal belastingrecht","instantie":"Hof Amsterdam","rolnummer":"16\/00540 t\/m 16\/00542","ecli":"ECLI:NL:GHAMS:2018:291","endpointbron":"https:\/\/app.nlfiscaal.nl\/fiscanet\/fiscaal.nsf\/0\/FDD095E8A6AAF042C125822D00319CA4?opendocument"},{"nlfnummer":"2018\/0397","kortkopje":"Afdrachtvermindering onderwijs; toepassing cafetariasysteem; terugwerkende kracht (2)","unid":"71AB182F050360BCC125821E00723E91","rubriek":" Loonbelasting","instantie":"Hof Den Bosch","rolnummer":"16\/03882 t\/m 16\/03885","ecli":"ECLI:NL:GHSHE:2017:5653","endpointbron":"https:\/\/app.nlfiscaal.nl\/fiscanet\/fiscaal.nsf\/0\/2939D247C01082C6C125821E00372450?opendocument"},{"nlfnummer":"2018\/0398","kortkopje":"Alcoholhoudende dranken bij maaltijden belast naar algemeen btw-tarief","unid":"87FC17E3C8827827C1258230002C5DB4","rubriek":" Omzetbelasting","instantie":"Hof Arnhem-Leeuwarden","rolnummer":"16\/01382","ecli":"ECLI:NL:GHARL:2018:948","endpointbron":"https:\/\/app.nlfiscaal.nl\/fiscanet\/fiscaal.nsf\/0\/3A751FF5B58B745CC125822F002C2B2E?opendocument"},{"nlfnummer":"2018\/0399","kortkopje":"Geen aanspraak nultarief m.b.t. intracommunautaire leveringen; fraude in keten","unid":"C2EC34F8E52B59CEC125822C006C8A78","rubriek":" Omzetbelasting","instantie":"Rechtbank Gelderland","rolnummer":"15\/3199","ecli":"ECLI:NL:RBGEL:2018:355","endpointbron":"https:\/\/app.nlfiscaal.nl\/fiscanet\/fiscaal.nsf\/0\/E4F172B7BEDA7E35C12582280047DB51?opendocument"},{"nlfnummer":"2018\/0400","kortkopje":"Concept aanpassing van het Uitvoeringsbesluit OB 1968 i.v.m. vouchers","unid":"DAF9C3FAE2519528C125822D006F8546","rubriek":" Omzetbelasting","instantie":"MvF","rolnummer":"2018-0000014582","ecli":"","endpointbron":"https:\/\/app.nlfiscaal.nl\/fiscanet\/fiscaal.nsf\/0\/5B1005A7996DB054C125822C0061E6A8?opendocument"},{"nlfnummer":"2018\/0401","kortkopje":"Tijdige beslissing op bezwaar; geen dwangsom","unid":"DFAB768EBE93100EC125822D006F20A1","rubriek":" Formeel belastingrecht","instantie":"Hof Arnhem-Leeuwarden","rolnummer":"17\/00328","ecli":"ECLI:NL:GHARL:2018:778","endpointbron":"https:\/\/app.nlfiscaal.nl\/fiscanet\/fiscaal.nsf\/0\/431B20577819200FC1258228002C3587?opendocument"},{"nlfnummer":"2018\/0402","kortkopje":"Met weigering telefonische hoorzitting is hoorplicht niet geschonden","unid":"0D356606AE7B9D34C125822E006003FB","rubriek":" Formeel belastingrecht","instantie":"Hof Arnhem-Leeuwarden","rolnummer":"17\/00276","ecli":"ECLI:NL:GHARL:2018:776","endpointbron":"https:\/\/app.nlfiscaal.nl\/fiscanet\/fiscaal.nsf\/0\/3A7DD0DA31D226FDC1258228002C35D1?opendocument"},{"nlfnummer":"2018\/0403","kortkopje":"Bevoegdheid om wrakingsverzoeken in te dienen misbruikt; verzoek afgewezen","unid":"DCF1E496ED90B058C125822B0066CECE","rubriek":" Formeel belastingrecht","instantie":"Hof Den Bosch","rolnummer":"Wr 249-03-2017","ecli":"ECLI:NL:GHSHE:2017:5969","endpointbron":"https:\/\/app.nlfiscaal.nl\/fiscanet\/fiscaal.nsf\/0\/9769CB6A851E9E28C125822700589C55?opendocument"},{"nlfnummer":"2018\/0404","kortkopje":"Kostenvergoeding omdat belang bestond bij bezwaar","unid":"DE4B0BCAF76E2773C125822D006ED85D","rubriek":" Formeel belastingrecht","instantie":"Rechtbank Gelderland","rolnummer":"17\/3143 en 17\/3147","ecli":"ECLI:NL:RBGEL:2018:492","endpointbron":"https:\/\/app.nlfiscaal.nl\/fiscanet\/fiscaal.nsf\/0\/9C4A997B8C5F656EC125822C00633BC3?opendocument"},{"nlfnummer":"2018\/0405","kortkopje":"Hogere kostenvergoeding voor bezwaren tegen WOZ-beschikkingen op één biljet","unid":"BD0F7B412E9989ABC125822D006EEB29","rubriek":" Formeel belastingrecht","instantie":"Rechtbank Gelderland","rolnummer":"17\/4453","ecli":"ECLI:NL:RBGEL:2018:214","endpointbron":"https:\/\/app.nlfiscaal.nl\/fiscanet\/fiscaal.nsf\/0\/1840B4751DCF6B78C125822800424891?opendocument"},{"nlfnummer":"2018\/0406","kortkopje":"Terechte navordering van gefingeerde aftrekposten; nieuw feit; kwade trouw","unid":"274596AE772D5A1CC125822B006708FA","rubriek":" Formeel belastingrecht\/ Inkomstenbelasting","instantie":"Rechtbank Noord-Nederland","rolnummer":"16\/4614 t\/m 16\/4617","ecli":"ECLI:NL:RBNNE:2017:3500","endpointbron":"https:\/\/app.nlfiscaal.nl\/fiscanet\/fiscaal.nsf\/0\/801CD10300968A57C1258226004D711D?opendocument"},{"nlfnummer":"2018\/0407","kortkopje":"Vereiste aangiften niet gedaan; omkering bewijslast; redelijke schatting","unid":"3189C68F80E1D3C3C1258230002CA3D6","rubriek":" Formeel belastingrecht\/ Loonbelasting","instantie":"Hof Arnhem-Leeuwarden","rolnummer":"17\/00632 t\/m 17\/00634","ecli":"ECLI:NL:GHARL:2018:779","endpointbron":"https:\/\/app.nlfiscaal.nl\/fiscanet\/fiscaal.nsf\/0\/CF7F40CF9456DD83C1258228002C351C?opendocument"},{"nlfnummer":"2018\/0408","kortkopje":"Voldaan aan voorwaarden voor ingebrekestelling; vaststelling dwangsom","unid":"8D644EC114444977C1258230002CD11A","rubriek":" Formeel belastingrecht\/ Lokale heffingen","instantie":"Hof Arnhem-Leeuwarden","rolnummer":"16\/01097","ecli":"ECLI:NL:GHARL:2018:769","endpointbron":"https:\/\/app.nlfiscaal.nl\/fiscanet\/fiscaal.nsf\/0\/FE7336874D5C2B87C1258228002C364B?opendocument"},{"nlfnummer":"2018\/0409","kortkopje":"Parkeerterrein vormt samenstel met kantoorpand; vaststelling WOZ-waarden","unid":"C6E226741C848D93C125822D006F8C66","rubriek":" Lokale heffingen","instantie":"Hof Arnhem-Leeuwarden","rolnummer":"17\/00294 t\/m 17\/00296","ecli":"ECLI:NL:GHARL:2018:365","endpointbron":"https:\/\/app.nlfiscaal.nl\/fiscanet\/fiscaal.nsf\/0\/5F9194C869CFB5C0C1258221002C22DC?opendocument"},{"nlfnummer":"2018\/0410","kortkopje":"WOZ-waarden horecapanden niet te hoog vastgesteld; bewijslast","unid":"FBD656439CFBD896C125822E005FEFD8","rubriek":" Lokale heffingen","instantie":"Hof Arnhem-Leeuwarden","rolnummer":"16\/00652 t\/m 17\/00654","ecli":"ECLI:NL:GHARL:2018:780","endpointbron":"https:\/\/app.nlfiscaal.nl\/fiscanet\/fiscaal.nsf\/0\/B8498602760E22ABC1258228002C3717?opendocument"},{"nlfnummer":"2018\/0411","kortkopje":"Waardebepaling in goede justitie van woning op voormalige vuilstortplaats","unid":"A02061FE902906EAC125822E00600964","rubriek":" Lokale heffingen","instantie":"Hof Den Bosch","rolnummer":"16\/03387","ecli":"ECLI:NL:GHSHE:2017:5849","endpointbron":"https:\/\/app.nlfiscaal.nl\/fiscanet\/fiscaal.nsf\/0\/4EB793E765663227C125822500371A85?opendocument"},{"nlfnummer":"2018\/0412","kortkopje":"Juiste legesheffing; drie aanslagen voor drie aanvragen","unid":"7CCD5375B23CCC0FC125822D006EFB32","rubriek":" Lokale heffingen","instantie":"Rechtbank Gelderland","rolnummer":"16\/3068 en 16\/3069","ecli":"ECLI:NL:RBGEL:2018:412","endpointbron":"https:\/\/app.nlfiscaal.nl\/fiscanet\/fiscaal.nsf\/0\/D8F8F4C597D7CA98C125822C00633C1D?opendocument"},{"nlfnummer":"2018\/0413","kortkopje":"Beantwoording Kamervragen over legesheffing o.g.v. verouderd bestemmingsplan","unid":"C1231C0839BEF319C1258231006817C6","rubriek":" Lokale heffingen","instantie":"BIZA","rolnummer":"IENW\/BSK-2018\/24167","ecli":"","endpointbron":"https:\/\/app.nlfiscaal.nl\/fiscanet\/fiscaal.nsf\/0\/8A758C87DD6C2445C1258230005816B0?opendocument"},{"nlfnummer":"2018\/0414","kortkopje":"Besluit WOB-verzoek over afvalstoffenbelasting","unid":"620ECFBF89A222C0C125822E006B2C2A","rubriek":" Milieuheffingen","instantie":"MvF","rolnummer":"2018-0000008531","ecli":"","endpointbron":"https:\/\/app.nlfiscaal.nl\/fiscanet\/fiscaal.nsf\/0\/84FC0F2788F69794C125822E0057E25D?opendocument"}]
