[{"tijdschriftnaam":"Nederlands Tijdschrift voor Fiscaal Recht","tijdschriftauteur":"P.G.H. Albert ","tijdschrifttitel":"Appels en peren of fruit en fruit?","tijdschriftsamenvatting":"Artikel 1 Grondwet luidt:\n‘Allen die zich in Nederland bevinden, worden in gelijke gevallen gelijk behandeld. Discriminatie wegens godsdienst, levensovertuiging, politieke gezindheid, ras, geslacht of op welke grond dan ook, is niet toegestaan.’ Het gelijkheidsbeginsel (de eerste volzin van artikel 1) wordt door bijna iedereen tot de meest fundamentele rechtsbeginselen gerekend en krijgt vaak de vorm van een verbod op discriminatie (de tweede volzin). Discriminatie kan worden omschreven als een onderscheid op grond van onredelijke, willekeurige of niet-relevante redenen, een onderscheid op basis van kenmerken die niet ter zake doen.\nIn deze opinie bespreekt de auteur een recent arrest waarin discriminatie centraal stond: HR 15 december 2017, 16\/02919, ECLI:NL:HR:2017:3128 (NLF 2018\/0009, met noot van Bobeldijk). In dat arrest ging het om de vraag of Nederlandse zustermaatschappijen van een Israëlische moedermaatschappij een fiscale eenheid mochten vormen.","tijdschriftvindplaats":"NTFR 2018\/309"},{"tijdschriftnaam":"NTFR Beschouwingen","tijdschriftauteur":"M.J.M.A. Toet ","tijdschrifttitel":"Scholenconstructies: misbruik of gebruikelijk? Hoge Raad, nr. 13\/02651","tijdschriftsamenvatting":"De scholenconstructies in de btw hebben een uitgebreide hoeveelheid jurisprudentie opgeleverd. In deze beschouwing plaatst de auteur die jurisprudentie in het licht van de meest recente ontwikkelingen. Daarnaast gaat hij in op de vraag of de strijd nu definitief is geslecht of dat de scholenconstructie EU-rechtelijk gezien niet door de beugel kan, waarbij hij specifiek ingaat in de gevolgen van de zaak Borsele.","tijdschriftvindplaats":"NTFR-B 2018\/1"},{"tijdschriftnaam":"NTFR Beschouwingen","tijdschriftauteur":"R.M.P.G. Niessen-Cobben ","tijdschrifttitel":"Termijnshopping bij infoherstel? Gerechtshof Den Haag, nr. BK-16\/00476","tijdschriftsamenvatting":"De motivering van rechterlijke uitspraken dient dragend te zijn voor het dictum. In uitspraken waarin het rechtsmiddel tegen een informatiebeschikking ongegrond wordt verklaard, kan de rechter aan belanghebbende een nieuwe termijn stellen. De auteur gaat na of, en zo ja in welke mate dergelijke beslissingen conform artikel 8:77 Awb zijn gemotiveerd.","tijdschriftvindplaats":"NTFR-B 2018\/2"},{"tijdschriftnaam":"NTFR Beschouwingen","tijdschriftauteur":"C. Schutte ","tijdschrifttitel":"OESO; btw in een digitaliserende economie","tijdschriftsamenvatting":"Digitalisering van de economie heeft ook belangrijke gevolgen voor de belastingheffing. De traditionele systemen zijn daar niet goed op afgestemd. De OESO heeft in het kader van BEPS aangezet tot veranderingen. In deze beschouwing gaat de auteur met name in op de gevolgen daarvan voor de heffing van btw.","tijdschriftvindplaats":"NTFR-B 2018\/3"},{"tijdschriftnaam":"NTFR Beschouwingen","tijdschriftauteur":"J.J.A.M. Korving ","tijdschrifttitel":"De Verenigde Staten van Europa? Internemarktneutraliteit!","tijdschriftsamenvatting":"Op 18 december 2017 promoveerde Jasper Korving aan de Universiteit Maastricht op het proefschrift getiteld ‘Internal Market Neutrality’. Hierin onderzoekt hij of een beginsel van internemarktneutraliteit bestaat en of dit kan helpen bij het oplossen van problemen rondom dubbele belastingheffing en dubbele niet-belastingheffing van ondernemingen. In deze beschouwing gaat hij in op enkele punten uit het proefschrift.","tijdschriftvindplaats":"NTFR-B 2018\/4"},{"tijdschriftnaam":"Weekblad voor Fiscaal Recht","tijdschriftauteur":"T.A. Cramwinckel\/R.A. de Boer ","tijdschrifttitel":"Digitaal procederen in het belastingrecht: gevolgen voor de fiscale procespraktijk","tijdschriftsamenvatting":"Als gevolg van de KEI-wetgeving (Kwaliteit en Innovatie) wordt digitaal procederen in het belastingrecht straks verplicht. In deze bijdrage bespreken de auteurs de wijzigingen die de nieuwe regels meebrengen voor de fiscale procespraktijk. Hoewel de fiscale procedure niet fundamenteel wijzigt, heeft een en ander wel belangrijke gevolgen voor de wijze waarop de fiscale procedure in de praktijk zal verlopen. Zo rijzen vragen als:\nHoe kunnen stukken worden ingediend?\nWat als de digitale systemen net voor het einde van de termijn haperen?\nWat betekent digitalisering voor de zitting?\n\nTer illustratie komen ook enkele voorbeelden van de eerste KEI-rechtspraak uit andere rechtsgebieden aan de orde. Digitaal procederen bij de belastingrechter biedt voor professionele procesvertegenwoordigers voordelen, maar er zijn ook aandachtspunten, van praktische en meer principiële aard.","tijdschriftvindplaats":"WFR 2018\/28"},{"tijdschriftnaam":"Weekblad voor Fiscaal Recht","tijdschriftauteur":"A.C.P. Bobeldijk\/T.P. Akyürek\/D.T.C. Tol ","tijdschrifttitel":"Het ‘dwangakkoord’ is in zicht; hoog tijd om de liquidatieverliesregeling aan te passen","tijdschriftsamenvatting":"In deze bijdrage gaan de auteurs in op de fiscaal relevante aspecten van het wetsvoorstel ‘Homologatie onderhands akkoord ter voorkoming van faillissement’ dat recent in consultatie is gegeven en de rol die de liquidatieverliesregeling in dat kader speelt.\nHet wetsvoorstel beoogt faillissementen te voorkomen bij ondernemingen die wel rendabele bedrijfsactiviteiten hebben, maar toch insolvent dreigen te raken door een te grote schuldenlast. Het niet kunnen nemen van een fiscaal aftrekbaar liquidatieverlies kan voor de aandeelhouders een belemmering vormen om aan een schuldeisersakkoord mee te werken. De auteurs gaan in op deze problematiek en komen met een (tekst)voorstel tot aanpassing van de liquidatieverliesregeling.","tijdschriftvindplaats":"WFR 2018\/29"},{"tijdschriftnaam":"Weekblad voor Fiscaal Recht","tijdschriftauteur":"M.I. van Haaren ","tijdschrifttitel":"Btw, de huurkooplevering en economische dwang","tijdschriftsamenvatting":"Mercedes UK heeft betoogd dat een door haar aangeboden vorm van goederenkrediet voor de btw kwalificeert als dienst. Die kwalificatie zou haar een liquiditeitsvoordeel opleveren. Het HvJ heeft anders beslist (ECLI:EU:C:2017:734, NLF 2017\/2470, met noot van Polak). Uit het arrest blijkt dat overeenkomsten van goederenkrediet minder snel als dienst gekwalificeerd kunnen worden dan tevoren veelal werd aangenomen. Uit het arrest kan volgens de auteur worden afgeleid dat het Nederlandse leasebeleid te soepel is.","tijdschriftvindplaats":"WFR 2018\/30"},{"tijdschriftnaam":"Weekblad voor Fiscaal Recht","tijdschriftauteur":"R. Taha ","tijdschrifttitel":"Verslag van het seminar over het thema ‘Rebuilding Trust in Taxation’","tijdschriftsamenvatting":"Op donderdag 2 november 2017 werd op de Tilburg University een seminar gehouden over het thema ‘Rebuilding Trust in Taxation’. Verschillende sprekers gaven hun visie op aspecten van duurzaam fiscaal beleid als fiscale ethiek, good tax governance en fiscale transparantie. Het seminar, georganiseerd door PwC in samenwerking met Tilburg University, werd geopend door Bastiaan Starink, die als dagvoorzitter van de bijeenkomst optrad. Starink wees onder meer op de diversiteit van de aanwezigen en sprekers in de zaal, bestaande uit belastingadviseurs, ngo’s, academici, institutionele beleggers, de toezichthouder en vertegenwoordigers uit het bedrijfsleven.\nHet onderwerp, het bouwen van duurzaam vertrouwen in fiscaliteit, mag zich heden ten dage in een warme belangstelling verheugen. Daarom is een zinvolle discussie hierover belangrijk, maar ook omdat vertrouwen een noodzakelijke voorwaarde is voor democratie en maatschappij.","tijdschriftvindplaats":"WFR 2018\/31"},{"tijdschriftnaam":"Weekblad voor Fiscaal Recht","tijdschriftauteur":"M.P.A. Spanjers ","tijdschrifttitel":"Feitenrelaas zonder cruciale feiten","tijdschriftsamenvatting":"De enige concrete datum die staatssecretaris Snel van Financiën noemt in het onlangs opgeleverde feitenrelaas over de problemen met het nieuwe aangifte- en aanslagsysteem van de schenk- en erfbelasting is het moment dat hijzelf hierover is geïnformeerd: 13 november 2017. Daarmee wast hij zijn eigen handen in onschuld in die zin dat hij de Tweede Kamer direct daaropvolgend heeft geïnformeerd. \nHet vreemde aan dit verhaal is dat de totstandkoming van de Najaarsnota wordt aangegrepen als moment waarop, via de tegenvaller van de belastinginkomsten, het probleem naar boven komt. Alsof de belastingtegenvaller het tikje geeft waardoor het informatieballetje is gaan rollen. Uit het feitenrelaas blijkt echter impliciet een andere lezing. \nMet een ingeschat tijdpad voor het te bouwen systeem van maar liefst zeven jaar (2014-2021) van projectplan tot oplevering vreest de auteur dat bij de Belastingdienst een supersonische raket in aanbouw is.","tijdschriftvindplaats":"WFR 2018\/32"}]
